timestamp,location,latitude,longitude,district,vehicle_count,car_count,motorcycle_count,congestion_level,demand_index
2024-01-01 02:30:00,Jl. MT Haryono - Cawang,-6.330828,106.709375,Depok,17,7,6,Low,12.6
2024-01-01 06:00:00,Jl. Fatmawati - Cipete,-6.304548,106.787167,Pluit,17,8,6,Low,12.6
2024-01-01 10:00:00,Jl. Bypass - Cibubur,-6.113984,106.955501,Mangga Dua,47,19,16,Medium,34.8
2024-01-01 13:00:00,Jl. Ciledug - Tangerang,-6.212699,106.96315,Senayan,65,23,29,Low,48.1
2024-01-01 14:00:00,Jl. Thamrin - Monas,-6.307573,106.808325,Senayan,40,18,14,Medium,29.6
2024-01-01 15:00:00,Jl. Asia Afrika - Gelora Bung Karno,-6.247468,106.769042,Depok,65,24,22,Medium,48.1
2024-01-01 15:30:00,Jl. TB Simatupang - Ciracas,-6.228116,106.832055,Mangga Dua,41,19,17,Low,30.4
2024-01-01 19:30:00,Jl. Kramat Raya - Senen,-6.286055,106.77422,PIK,68,26,27,Medium,50.4
2024-01-01 20:00:00,Jl. Senopati - Kebayoran Baru,-6.101548,106.969055,PIK,26,11,11,Low,19.3
2024-01-02 00:30:00,Jl. Metro Pondok Indah - Ciputat,-6.120604,106.708881,Tangerang,21,10,7,Low,15.6
2024-01-02 00:30:00,Jl. Gatot Subroto - Kuningan,-6.22945,106.714205,Kuningan,17,8,5,Low,12.6
2024-01-02 03:30:00,Jl. Jend. Sudirman - Semanggi,-6.236244,106.858119,Slipi,24,9,10,Low,17.8
2024-01-02 14:00:00,Jl. Kramat Raya - Senen,-6.286055,106.77422,PIK,24,8,8,Medium,17.8
2024-01-02 14:30:00,Jl. Tendean - Mampang,-6.248301,106.959944,Sudirman,43,15,15,Low,31.9
2024-01-02 15:30:00,Jl. Hayam Wuruk - Harmoni,-6.335259,106.789533,Sunter,40,19,13,Low,29.6
2024-01-02 17:00:00,Jl. Fatmawati - Cipete,-6.304548,106.787167,Pluit,100,37,32,Medium,74.1
2024-01-02 22:30:00,Jl. Raden Saleh - Salemba,-6.29455,106.702558,Cawang,25,9,7,Low,18.5
2024-01-03 01:00:00,Jl. Diponegoro - Cikini,-6.190713,106.82378,Kelapa Gading,11,4,4,Low,8.1
2024-01-03 07:00:00,Jl. Raya Condet - Balekambang,-6.194614,106.715079,Slipi,113,49,37,Medium,83.7
2024-01-03 10:30:00,Jl. Raden Saleh - Salemba,-6.29455,106.702558,Cawang,43,17,14,Low,31.9
2024-01-03 16:30:00,Jl. Raya Bogor - Cibubur,-6.309112,106.979063,Cibubur,26,10,8,Medium,19.3
2024-01-03 20:30:00,Jl. Diponegoro - Cikini,-6.190713,106.82378,Kelapa Gading,53,25,16,Low,39.3
2024-01-04 13:00:00,Jl. Suryo - Senopati,-6.209467,106.921182,Tangerang,37,16,14,Medium,27.4
2024-01-04 16:30:00,Jl. Raya Kamal - Penjaringan,-6.239156,106.967801,Senen,41,19,14,Low,30.4
2024-01-04 17:00:00,Jl. Warung Buncit - Pejaten,-6.189791,106.990807,Kelapa Gading,101,45,33,Medium,74.8
2024-01-04 20:00:00,Jl. Alternatif Cibubur - Depok,-6.17444,106.922457,PIK,33,15,10,Low,24.4
2024-01-04 23:00:00,Jl. Metro Pondok Indah - Ciputat,-6.120604,106.708881,Tangerang,20,9,8,Low,14.8
2024-01-05 00:00:00,Jl. TB Simatupang - Ciracas,-6.228116,106.832055,Mangga Dua,13,5,4,Low,9.6
2024-01-05 00:30:00,Jl. Proklamasi - Menteng,-6.30321,106.824834,Kuningan,20,8,7,Low,14.8
2024-01-05 01:30:00,Jl. Yos Sudarso - Sunter,-6.290911,106.843112,Blok M,18,8,6,Low,13.3
2024-01-05 06:00:00,Jl. Tendean - Mampang,-6.248301,106.959944,Sudirman,23,8,8,Low,17.0
2024-01-05 12:30:00,Jl. Pasar Minggu - Lenteng Agung,-6.232437,106.878927,Senayan,57,24,20,Low,42.2
2024-01-05 20:00:00,Jl. Metro Pondok Indah - Ciputat,-6.120604,106.708881,Tangerang,44,21,14,Low,32.6
2024-01-05 20:30:00,Jl. Pantai Indah Kapuk - PIK,-6.213754,106.91665,Sudirman,29,14,8,Low,21.5
2024-01-06 00:30:00,Jl. Gatot Subroto - Kuningan,-6.22945,106.714205,Kuningan,18,7,6,Low,13.3
2024-01-06 03:30:00,Jl. KS Tubun - Slipi,-6.132922,106.873482,Senen,7,2,3,Low,5.2
2024-01-06 09:00:00,Jl. I Gusti Ngurah Rai - Cilincing,-6.220578,106.809532,Cibubur,22,9,9,Low,16.3
2024-01-06 14:30:00,Jl. Ciledug - Tangerang,-6.212699,106.96315,Senayan,34,15,13,Low,25.2
2024-01-06 14:30:00,Jl. Warung Buncit - Pejaten,-6.189791,106.990807,Kelapa Gading,35,14,12,Low,25.9
2024-01-06 22:00:00,Jl. Pemuda - Senen,-6.329711,106.821784,Menteng,0,0,0,Low,0.0
2024-01-07 02:00:00,Jl. KS Tubun - Slipi,-6.132922,106.873482,Senen,13,5,4,Low,9.6
2024-01-07 05:30:00,Jl. Satrio - Mega Kuningan,-6.311796,106.806502,Kemang,9,3,3,Low,6.7
2024-01-07 06:00:00,Jl. Ciledug - Tangerang,-6.212699,106.96315,Senayan,1,0,0,Low,0.7
2024-01-07 08:30:00,Jl. Asia Afrika - Gelora Bung Karno,-6.247468,106.769042,Depok,23,8,7,Low,17.0
2024-01-07 16:30:00,Jl. Kelapa Gading Boulevard,-6.338097,106.915145,Cakung,44,16,15,Medium,32.6
2024-01-07 18:30:00,Jl. Kelapa Gading Boulevard,-6.338097,106.915145,Cakung,52,22,20,Medium,38.5
2024-01-08 19:30:00,Jl. MT Haryono - Cawang,-6.330828,106.709375,Depok,78,35,29,Medium,57.8
2024-01-08 23:30:00,Jl. Raya Meruya - Kembangan,-6.207135,106.763742,Cakung,17,7,5,Low,12.6
2024-01-08 23:30:00,Jl. HR Rasuna Said - Casablanca,-6.270683,106.776612,Cawang,10,3,3,Low,7.4
2024-01-09 11:30:00,Jl. HR Rasuna Said - Casablanca,-6.270683,106.776612,Cawang,68,31,21,Medium,50.4
2024-01-09 22:00:00,Jl. Ciledug - Tangerang,-6.212699,106.96315,Senayan,38,16,17,Low,28.1
2024-01-09 23:30:00,Jl. Jend. Sudirman - Semanggi,-6.236244,106.858119,Slipi,27,9,10,Low,20.0
2024-01-10 03:30:00,Jl. Gatot Subroto - Kuningan,-6.22945,106.714205,Kuningan,33,14,13,Low,24.4
2024-01-10 10:30:00,Jl. Proklamasi - Menteng,-6.30321,106.824834,Kuningan,66,26,29,Low,48.9
2024-01-10 14:00:00,Jl. Senopati - Kebayoran Baru,-6.101548,106.969055,PIK,47,17,18,Low,34.8
2024-01-10 20:00:00,Jl. Kelapa Gading Boulevard,-6.338097,106.915145,Cakung,17,6,7,Low,12.6
2024-01-10 20:30:00,Jl. Trunojoyo - Kebayoran,-6.25295,106.985902,Menteng,23,9,9,Low,17.0
2024-01-11 01:30:00,Jl. Trunojoyo - Kebayoran,-6.25295,106.985902,Menteng,16,7,5,Low,11.9
2024-01-11 05:30:00,Jl. Tendean - Mampang,-6.248301,106.959944,Sudirman,25,11,9,Low,18.5
2024-01-11 06:00:00,Jl. Asia Afrika - Gelora Bung Karno,-6.247468,106.769042,Depok,24,10,8,Low,17.8
2024-01-11 06:00:00,Jl. Ciledug - Tangerang,-6.212699,106.96315,Senayan,12,5,5,Low,8.9
2024-01-11 09:00:00,Jl. Tendean - Mampang,-6.248301,106.959944,Sudirman,72,35,32,Medium,53.3
2024-01-11 14:30:00,Jl. Gajah Mada - Mangga Dua,-6.160784,106.967608,Blok M,31,14,13,Low,23.0
2024-01-11 19:30:00,Jl. I Gusti Ngurah Rai - Cilincing,-6.220578,106.809532,Cibubur,111,44,39,Medium,82.2
2024-01-11 21:00:00,Jl. Bypass - Cibubur,-6.113984,106.955501,Mangga Dua,39,13,17,Low,28.9
2024-01-11 23:30:00,Jl. Fatmawati - Cipete,-6.304548,106.787167,Pluit,26,11,8,Low,19.3
2024-01-12 14:30:00,Jl. Thamrin - Monas,-6.307573,106.808325,Senayan,25,10,9,Low,18.5
2024-01-12 19:00:00,Jl. Tendean - Mampang,-6.248301,106.959944,Sudirman,78,38,34,Medium,57.8
2024-01-12 21:00:00,Jl. Senopati - Kebayoran Baru,-6.101548,106.969055,PIK,48,19,20,Low,35.6
2024-01-13 03:00:00,Jl. Kemang Raya - Bangka,-6.25665,106.867567,Kemang,3,1,1,Low,2.2
2024-01-13 03:30:00,Jl. Raya Condet - Balekambang,-6.194614,106.715079,Slipi,3,1,1,Low,2.2
2024-01-13 04:30:00,Jl. Boulevard Raya - Kelapa Gading,-6.269007,106.813587,Tangerang,3,1,1,Low,2.2
2024-01-13 06:30:00,Jl. Senopati - Kebayoran Baru,-6.101548,106.969055,PIK,17,7,6,Low,12.6
2024-01-13 08:30:00,Jl. Gatot Subroto - Kuningan,-6.22945,106.714205,Kuningan,22,9,8,Low,16.3
2024-01-13 09:00:00,Jl. MT Haryono - Cawang,-6.330828,106.709375,Depok,20,8,7,Low,14.8
2024-01-13 13:30:00,Jl. Trunojoyo - Kebayoran,-6.25295,106.985902,Menteng,22,10,7,Medium,16.3
2024-01-14 07:30:00,Jl. Raden Saleh - Salemba,-6.29455,106.702558,Cawang,10,4,3,Low,7.4
2024-01-14 15:00:00,Jl. Proklamasi - Menteng,-6.30321,106.824834,Kuningan,48,21,20,Medium,35.6
2024-01-14 17:30:00,Jl. Proklamasi - Menteng,-6.30321,106.824834,Kuningan,35,12,13,Low,25.9
2024-01-15 01:00:00,Jl. OTT - Cipayung,-6.107017,106.860825,Mangga Dua,11,4,3,Low,8.1
2024-01-15 02:00:00,Jl. Sudirman - Bundaran HI,-6.34447,106.892254,Depok,26,11,9,Low,19.3
2024-01-15 02:30:00,Jl. HR Rasuna Said - Casablanca,-6.270683,106.776612,Cawang,27,11,8,Low,20.0
2024-01-15 02:30:00,Jl. MT Haryono - Cawang,-6.330828,106.709375,Depok,5,1,1,Low,3.7
2024-01-15 05:00:00,Jl. Raya Kebayoran - Blok M,-6.254827,106.866697,Grogol,23,10,6,Low,17.0
2024-01-15 09:30:00,Jl. Raya Kamal - Penjaringan,-6.239156,106.967801,Senen,85,35,31,Medium,63.0
2024-01-15 10:30:00,Jl. Pemuda - Senen,-6.329711,106.821784,Menteng,50,22,17,Low,37.0
2024-01-15 10:30:00,Jl. Raya Bogor - Cibubur,-6.309112,106.979063,Cibubur,55,26,21,Medium,40.7
2024-01-15 18:00:00,Jl. Kalibata - Jati Padang,-6.153436,106.706045,Grogol,79,27,30,Medium,58.5
2024-01-15 19:00:00,Jl. Ciledug - Tangerang,-6.212699,106.96315,Senayan,117,42,36,Medium,86.7
2024-01-15 23:30:00,Jl. Satrio - Mega Kuningan,-6.311796,106.806502,Kemang,8,3,3,Low,5.9
2024-01-16 01:00:00,Jl. Pasar Minggu - Lenteng Agung,-6.232437,106.878927,Senayan,18,6,6,Low,13.3
2024-01-16 02:30:00,Jl. Pluit - Muara Karang,-6.209726,106.804216,Pluit,7,2,2,Low,5.2
2024-01-16 14:30:00,Jl. Raya Bogor - Cibubur,-6.309112,106.979063,Cibubur,50,17,20,Low,37.0
2024-01-16 21:00:00,Jl. Sudirman - Bundaran HI,-6.34447,106.892254,Depok,29,10,10,Low,21.5
2024-01-17 01:30:00,Jl. Kramat Raya - Senen,-6.286055,106.77422,PIK,12,4,4,Low,8.9
2024-01-17 06:00:00,Jl. Casablanca - Kampung Melayu,-6.349356,106.862667,Sudirman,14,5,4,Low,10.4
2024-01-17 12:00:00,Jl. Rasuna Said - Setiabudi,-6.134657,106.923223,Sunter,24,9,9,Medium,17.8
2024-01-18 01:00:00,Jl. OTT - Cipayung,-6.107017,106.860825,Mangga Dua,8,3,2,Low,5.9
2024-01-18 05:00:00,Jl. Metro Pondok Indah - Ciputat,-6.120604,106.708881,Tangerang,11,4,3,Low,8.1
2024-01-18 06:30:00,Jl. Bypass - Cibubur,-6.113984,106.955501,Mangga Dua,9,3,3,Low,6.7
2024-01-18 08:30:00,Jl. Pluit - Muara Karang,-6.209726,106.804216,Pluit,89,35,36,Medium,65.9
2024-01-18 09:00:00,Jl. Rasuna Said - Setiabudi,-6.134657,106.923223,Sunter,91,33,34,Medium,67.4
2024-01-18 10:00:00,Jl. Metro Pondok Indah - Ciputat,-6.120604,106.708881,Tangerang,41,17,17,Medium,30.4
2024-01-18 13:00:00,Jl. Raya Bogor - Citereup,-6.213028,106.910585,Bekasi,64,26,28,Low,47.4
2024-01-18 16:00:00,Jl. Satrio - Mega Kuningan,-6.311796,106.806502,Kemang,51,22,22,Medium,37.8
2024-01-18 18:00:00,Jl. Fatmawati - Cipete,-6.304548,106.787167,Pluit,83,29,29,Medium,61.5
2024-01-18 20:30:00,Jl. Pemuda - Senen,-6.329711,106.821784,Menteng,37,13,12,Low,27.4
2024-01-18 23:00:00,Jl. Asia Afrika - Gelora Bung Karno,-6.247468,106.769042,Depok,19,8,7,Low,14.1
2024-01-19 04:30:00,Jl. OTT - Cipayung,-6.107017,106.860825,Mangga Dua,9,3,3,Low,6.7
2024-01-19 14:00:00,Jl. Raya Bogor - Cibubur,-6.309112,106.979063,Cibubur,28,11,12,Low,20.7
2024-01-19 14:30:00,Jl. Pondok Indah - Pondok Pinang,-6.342138,106.750299,Blok M,21,8,8,Low,15.6
2024-01-19 15:30:00,Jl. Gatot Subroto - Kuningan,-6.22945,106.714205,Kuningan,57,21,23,Low,42.2
2024-01-19 16:30:00,Jl. Kelapa Gading Boulevard,-6.338097,106.915145,Cakung,63,27,28,Low,46.7
2024-01-19 23:00:00,Jl. Raya Meruya - Kembangan,-6.207135,106.763742,Cakung,5,2,2,Low,3.7
2024-01-20 09:30:00,Jl. Raya Kebayoran - Blok M,-6.254827,106.866697,Grogol,24,10,10,Low,17.8
2024-01-20 11:00:00,Jl. Jend. Sudirman - Semanggi,-6.236244,106.858119,Slipi,39,18,16,Medium,28.9
2024-01-20 11:30:00,Jl. Rasuna Said - Setiabudi,-6.134657,106.923223,Sunter,69,30,26,Medium,51.1
2024-01-20 13:00:00,Jl. Asia Afrika - Gelora Bung Karno,-6.247468,106.769042,Depok,46,19,17,Medium,34.1
2024-01-20 15:00:00,Jl. Kalibata - Jati Padang,-6.153436,106.706045,Grogol,44,18,18,Low,32.6
2024-01-20 16:00:00,Jl. HR Rasuna Said - Casablanca,-6.270683,106.776612,Cawang,67,32,25,Medium,49.6
2024-01-20 18:00:00,Jl. Alternatif Cibubur - Depok,-6.17444,106.922457,PIK,71,32,29,Medium,52.6
2024-01-20 20:00:00,Jl. Raya Bogor - Citereup,-6.213028,106.910585,Bekasi,46,17,15,Medium,34.1
2024-01-20 20:30:00,Jl. Daan Mogot - Grogol,-6.311875,106.891804,Menteng,44,19,18,Low,32.6
2024-01-20 22:30:00,Jl. Raya Meruya - Kembangan,-6.207135,106.763742,Cakung,12,5,3,Low,8.9
2024-01-21 01:00:00,Jl. Gajah Mada - Mangga Dua,-6.160784,106.967608,Blok M,27,11,8,Low,20.0
2024-01-21 01:00:00,Jl. Kramat Raya - Senen,-6.286055,106.77422,PIK,10,4,3,Low,7.4
2024-01-21 02:30:00,Jl. KS Tubun - Slipi,-6.132922,106.873482,Senen,9,3,3,Low,6.7
2024-01-21 03:30:00,Jl. Jend. Sudirman - Semanggi,-6.236244,106.858119,Slipi,22,8,7,Low,16.3
2024-01-21 04:30:00,Jl. Raya Kamal - Penjaringan,-6.239156,106.967801,Senen,7,2,2,Low,5.2
2024-01-21 07:30:00,Jl. Raya Meruya - Kembangan,-6.207135,106.763742,Cakung,23,10,9,Low,17.0
2024-01-21 19:00:00,Jl. Satrio - Mega Kuningan,-6.311796,106.806502,Kemang,52,21,16,Low,38.5
2024-01-21 21:00:00,Jl. Kramat Raya - Senen,-6.286055,106.77422,PIK,16,7,5,Low,11.9
2024-01-21 23:30:00,Jl. Alternatif Cibubur - Depok,-6.17444,106.922457,PIK,9,4,3,Low,6.7
2024-01-22 02:00:00,Jl. HR Rasuna Said - Casablanca,-6.270683,106.776612,Cawang,30,11,12,Low,22.2
2024-01-22 03:00:00,Jl. Pondok Indah - Pondok Pinang,-6.342138,106.750299,Blok M,10,3,3,Low,7.4
2024-01-22 08:00:00,Jl. Suryo - Senopati,-6.209467,106.921182,Tangerang,86,37,27,Medium,63.7
2024-01-22 21:00:00,Jl. HR Rasuna Said - Casablanca,-6.270683,106.776612,Cawang,27,12,11,Low,20.0
2024-01-23 00:30:00,Jl. Wolter Monginsidi - Kebayoran Baru,-6.104868,106.887878,Pluit,10,4,4,Low,7.4
2024-01-24 11:30:00,Jl. Gatot Subroto - Kuningan,-6.22945,106.714205,Kuningan,39,17,13,Low,28.9
2024-01-25 12:00:00,Jl. Kemang Raya - Bangka,-6.25665,106.867567,Kemang,39,13,13,Low,28.9
2024-01-25 18:30:00,Jl. Wolter Monginsidi - Kebayoran Baru,-6.104868,106.887878,Pluit,79,38,33,Medium,58.5
2024-01-25 21:30:00,Jl. Warung Buncit - Pejaten,-6.189791,106.990807,Kelapa Gading,20,7,6,Low,14.8
2024-01-25 22:00:00,Jl. Perintis Kemerdekaan - Cakung,-6.157094,106.797319,Kelapa Gading,21,9,8,Low,15.6
2024-01-26 03:00:00,Jl. Hayam Wuruk - Harmoni,-6.335259,106.789533,Sunter,7,2,2,Low,5.2
2024-01-26 04:30:00,Jl. Kramat Raya - Senen,-6.286055,106.77422,PIK,1,0,0,Low,0.7
2024-01-26 11:30:00,Jl. Yos Sudarso - Sunter,-6.290911,106.843112,Blok M,43,18,17,Medium,31.9
2024-01-26 18:00:00,Jl. Suryo - Senopati,-6.209467,106.921182,Tangerang,80,34,26,Medium,59.3
2024-01-26 22:00:00,Jl. Sudirman - Bundaran HI,-6.34447,106.892254,Depok,42,16,13,Low,31.1
2024-01-27 01:30:00,Jl. Trunojoyo - Kebayoran,-6.25295,106.985902,Menteng,28,12,11,Low,20.7
2024-01-28 00:00:00,Jl. Diponegoro - Cikini,-6.190713,106.82378,Kelapa Gading,3,1,0,Low,2.2
2024-01-28 00:30:00,Jl. Jend. Gatot Subroto - Slipi,-6.274291,106.902045,Bekasi,16,6,4,Low,11.9
2024-01-28 05:00:00,Jl. Metro Pondok Indah - Ciputat,-6.120604,106.708881,Tangerang,8,3,2,Low,5.9
2024-01-28 08:30:00,Jl. Warung Buncit - Pejaten,-6.189791,106.990807,Kelapa Gading,25,9,9,Low,18.5
2024-01-28 10:30:00,Jl. Raden Saleh - Salemba,-6.29455,106.702558,Cawang,55,22,18,Low,40.7
2024-01-28 11:00:00,Jl. Boulevard Raya - Kelapa Gading,-6.269007,106.813587,Tangerang,36,17,13,Medium,26.7
2024-01-28 11:30:00,Jl. Warung Buncit - Pejaten,-6.189791,106.990807,Kelapa Gading,55,27,19,Low,40.7
2024-01-28 17:00:00,Jl. Kalibata - Jati Padang,-6.153436,106.706045,Grogol,50,17,15,Low,37.0
2024-01-28 17:30:00,Jl. TB Simatupang - Ciracas,-6.228116,106.832055,Mangga Dua,47,22,19,Medium,34.8
2024-01-28 18:30:00,Jl. TB Simatupang - Ciracas,-6.228116,106.832055,Mangga Dua,29,14,9,Low,21.5
2024-01-29 04:30:00,Jl. Raya Bogor - Citereup,-6.213028,106.910585,Bekasi,4,1,1,Low,3.0
2024-01-29 04:30:00,Jl. Raya Kebayoran - Blok M,-6.254827,106.866697,Grogol,11,4,3,Low,8.1
2024-01-29 10:00:00,Jl. Proklamasi - Menteng,-6.30321,106.824834,Kuningan,43,17,15,Low,31.9
2024-01-29 11:30:00,Jl. Pluit - Muara Karang,-6.209726,106.804216,Pluit,45,15,14,Low,33.3
2024-01-29 14:00:00,Jl. Satrio - Mega Kuningan,-6.311796,106.806502,Kemang,57,21,17,Low,42.2
2024-01-29 19:30:00,Jl. Raya Kamal - Penjaringan,-6.239156,106.967801,Senen,120,51,53,Medium,88.9
2024-01-30 05:30:00,Jl. Perintis Kemerdekaan - Cakung,-6.157094,106.797319,Kelapa Gading,18,8,6,Low,13.3
2024-01-30 08:30:00,Jl. Gatot Subroto - Kuningan,-6.22945,106.714205,Kuningan,107,39,35,Medium,79.3
2024-01-30 09:00:00,Jl. Senopati - Kebayoran Baru,-6.101548,106.969055,PIK,55,19,20,Medium,40.7
2024-01-30 13:00:00,Jl. HR Rasuna Said - Casablanca,-6.270683,106.776612,Cawang,44,17,16,Medium,32.6
2024-01-30 20:00:00,Jl. HR Rasuna Said - Casablanca,-6.270683,106.776612,Cawang,24,9,10,Low,17.8
2024-01-30 20:00:00,Jl. TB Simatupang - Ciracas,-6.228116,106.832055,Mangga Dua,37,16,16,Low,27.4
2024-01-30 20:30:00,Jl. Daan Mogot - Grogol,-6.311875,106.891804,Menteng,40,18,16,Low,29.6
2024-01-31 14:00:00,Jl. Jend. Gatot Subroto - Slipi,-6.274291,106.902045,Bekasi,42,19,13,Medium,31.1
2024-02-01 08:30:00,Jl. Fatmawati - Cipete,-6.304548,106.787167,Pluit,110,41,38,Medium,81.5
2024-02-01 09:00:00,Jl. Daan Mogot - Grogol,-6.311875,106.891804,Menteng,110,49,45,Medium,81.5
2024-02-01 22:30:00,Jl. Alternatif Cibubur - Depok,-6.17444,106.922457,PIK,28,11,12,Low,20.7
2024-02-01 23:00:00,Jl. Daan Mogot - Grogol,-6.311875,106.891804,Menteng,18,8,7,Low,13.3
2024-02-02 01:00:00,Jl. Bypass - Cibubur,-6.113984,106.955501,Mangga Dua,19,7,7,Low,14.1
2024-02-02 04:30:00,Jl. Proklamasi - Menteng,-6.30321,106.824834,Kuningan,13,6,5,Low,9.6
2024-02-02 05:30:00,Jl. Hayam Wuruk - Harmoni,-6.335259,106.789533,Sunter,18,6,6,Low,13.3
2024-02-02 10:00:00,Jl. Hayam Wuruk - Harmoni,-6.335259,106.789533,Sunter,61,25,24,Medium,45.2
2024-02-02 11:00:00,Jl. Hayam Wuruk - Harmoni,-6.335259,106.789533,Sunter,60,27,19,Low,44.4
2024-02-02 14:00:00,Jl. Kelapa Gading Boulevard,-6.338097,106.915145,Cakung,41,20,17,Low,30.4
2024-02-02 19:00:00,Jl. Senopati - Kebayoran Baru,-6.101548,106.969055,PIK,64,30,23,Medium,47.4
2024-02-02 19:00:00,Jl. Thamrin - Monas,-6.307573,106.808325,Senayan,75,35,32,Medium,55.6
2024-02-02 23:00:00,Jl. Pantai Indah Kapuk - PIK,-6.213754,106.91665,Sudirman,25,12,7,Low,18.5
2024-02-03 03:30:00,Jl. Gajah Mada - Mangga Dua,-6.160784,106.967608,Blok M,8,3,2,Low,5.9
2024-02-03 04:30:00,Jl. Raya Bogor - Cibubur,-6.309112,106.979063,Cibubur,17,7,6,Low,12.6
2024-02-03 14:30:00,Jl. Pondok Indah - Pondok Pinang,-6.342138,106.750299,Blok M,30,13,9,Medium,22.2
2024-02-03 20:30:00,Jl. Kemang Raya - Bangka,-6.25665,106.867567,Kemang,47,18,18,Low,34.8
2024-02-03 22:30:00,Jl. Hayam Wuruk - Harmoni,-6.335259,106.789533,Sunter,11,3,3,Low,8.1
2024-02-04 04:30:00,Jl. KS Tubun - Slipi,-6.132922,106.873482,Senen,14,5,6,Low,10.4
2024-02-04 18:00:00,Jl. Ciledug - Tangerang,-6.212699,106.96315,Senayan,57,28,21,Low,42.2
2024-02-04 23:30:00,Jl. Fatmawati - Cipete,-6.304548,106.787167,Pluit,26,10,10,Low,19.3
2024-02-05 04:00:00,Jl. Hayam Wuruk - Harmoni,-6.335259,106.789533,Sunter,26,10,8,Low,19.3
2024-02-05 08:00:00,Jl. Raden Saleh - Salemba,-6.29455,106.702558,Cawang,99,34,35,Medium,73.3
2024-02-06 02:00:00,Jl. Raden Saleh - Salemba,-6.29455,106.702558,Cawang,10,3,3,Low,7.4
2024-02-06 06:30:00,Jl. TB Simatupang - Ciracas,-6.228116,106.832055,Mangga Dua,11,4,3,Low,8.1
2024-02-06 15:30:00,Jl. Kelapa Gading Boulevard,-6.338097,106.915145,Cakung,40,14,13,Low,29.6
2024-02-06 15:30:00,Jl. OTT - Cipayung,-6.107017,106.860825,Mangga Dua,49,24,19,Low,36.3
2024-02-06 21:30:00,Jl. Raya Meruya - Kembangan,-6.207135,106.763742,Cakung,41,17,15,Low,30.4
2024-02-07 01:00:00,Jl. Casablanca - Kampung Melayu,-6.349356,106.862667,Sudirman,12,4,5,Low,8.9
2024-02-07 04:00:00,Jl. Jend. Sudirman - Semanggi,-6.236244,106.858119,Slipi,9,4,3,Low,6.7
2024-02-07 05:00:00,Jl. Warung Buncit - Pejaten,-6.189791,106.990807,Kelapa Gading,2,0,0,Low,1.5
2024-02-07 14:30:00,Jl. Asia Afrika - Gelora Bung Karno,-6.247468,106.769042,Depok,37,15,13,Low,27.4
2024-02-07 15:30:00,Jl. Raya Kebayoran - Blok M,-6.254827,106.866697,Grogol,50,19,15,Medium,37.0
2024-02-07 18:30:00,Jl. Diponegoro - Cikini,-6.190713,106.82378,Kelapa Gading,100,41,36,Medium,74.1
2024-02-07 21:00:00,Jl. MT Haryono - Cawang,-6.330828,106.709375,Depok,9,4,3,Low,6.7
2024-02-07 21:30:00,Jl. Tendean - Mampang,-6.248301,106.959944,Sudirman,24,9,9,Low,17.8
2024-02-08 01:00:00,Jl. Gajah Mada - Mangga Dua,-6.160784,106.967608,Blok M,22,8,8,Low,16.3
2024-02-08 02:00:00,Jl. Satrio - Mega Kuningan,-6.311796,106.806502,Kemang,18,6,7,Low,13.3
2024-02-08 09:30:00,Jl. Kalibata - Jati Padang,-6.153436,106.706045,Grogol,97,40,30,Medium,71.9
2024-02-08 10:30:00,Jl. Satrio - Mega Kuningan,-6.311796,106.806502,Kemang,43,19,14,Low,31.9
2024-02-08 10:30:00,Jl. Asia Afrika - Gelora Bung Karno,-6.247468,106.769042,Depok,45,21,14,Low,33.3
2024-02-08 14:30:00,Jl. Jend. Sudirman - Semanggi,-6.236244,106.858119,Slipi,57,21,18,Low,42.2
2024-02-08 15:30:00,Jl. Wolter Monginsidi - Kebayoran Baru,-6.104868,106.887878,Pluit,58,20,18,Low,43.0
2024-02-08 21:00:00,Jl. Satrio - Mega Kuningan,-6.311796,106.806502,Kemang,47,21,16,Low,34.8
2024-02-08 23:30:00,Jl. Casablanca - Kampung Melayu,-6.349356,106.862667,Sudirman,13,6,5,Low,9.6
2024-02-09 01:30:00,Jl. Suryo - Senopati,-6.209467,106.921182,Tangerang,5,2,1,Low,3.7
2024-02-09 11:30:00,Jl. Gatot Subroto - Kuningan,-6.22945,106.714205,Kuningan,30,14,11,Low,22.2
2024-02-09 12:00:00,Jl. Proklamasi - Menteng,-6.30321,106.824834,Kuningan,31,12,12,Low,23.0
2024-02-09 21:30:00,Jl. Suryo - Senopati,-6.209467,106.921182,Tangerang,34,15,13,Low,25.2
2024-02-09 23:00:00,Jl. Daan Mogot - Grogol,-6.311875,106.891804,Menteng,10,4,4,Low,7.4
2024-02-10 02:30:00,Jl. Pluit - Muara Karang,-6.209726,106.804216,Pluit,17,6,7,Low,12.6
2024-02-10 06:30:00,Jl. Ciledug - Tangerang,-6.212699,106.96315,Senayan,19,7,7,Low,14.1
2024-02-10 09:30:00,Jl. Sudirman - Bundaran HI,-6.34447,106.892254,Depok,5,2,2,Low,3.7
2024-02-10 11:30:00,Jl. Pondok Indah - Pondok Pinang,-6.342138,106.750299,Blok M,38,15,15,Medium,28.1
2024-02-10 14:30:00,Jl. Raya Meruya - Kembangan,-6.207135,106.763742,Cakung,62,23,22,Medium,45.9
2024-02-10 17:00:00,Jl. Kramat Raya - Senen,-6.286055,106.77422,PIK,43,18,13,Low,31.9
2024-02-11 00:00:00,Jl. Diponegoro - Cikini,-6.190713,106.82378,Kelapa Gading,3,1,1,Low,2.2
2024-02-11 05:00:00,Jl. Casablanca - Kampung Melayu,-6.349356,106.862667,Sudirman,16,7,6,Low,11.9
2024-02-11 13:00:00,Jl. Boulevard Raya - Kelapa Gading,-6.269007,106.813587,Tangerang,43,19,15,Medium,31.9
2024-02-11 15:00:00,Jl. Kemang Raya - Bangka,-6.25665,106.867567,Kemang,45,18,16,Low,33.3
2024-02-11 16:00:00,Jl. Ciledug - Tangerang,-6.212699,106.96315,Senayan,66,25,20,Low,48.9
2024-02-11 17:00:00,Jl. MT Haryono - Cawang,-6.330828,106.709375,Depok,33,15,11,Low,24.4
2024-02-11 20:00:00,Jl. Sudirman - Bundaran HI,-6.34447,106.892254,Depok,34,14,11,Medium,25.2
2024-02-12 01:00:00,Jl. Ciledug - Tangerang,-6.212699,106.96315,Senayan,20,8,8,Low,14.8
2024-02-12 04:00:00,Jl. Thamrin - Monas,-6.307573,106.808325,Senayan,26,10,9,Low,19.3
2024-02-12 05:30:00,Jl. Pluit - Muara Karang,-6.209726,106.804216,Pluit,13,4,5,Low,9.6
2024-02-13 04:00:00,Jl. Raya Kebayoran - Blok M,-6.254827,106.866697,Grogol,7,2,2,Low,5.2
2024-02-13 15:00:00,Jl. Metro Pondok Indah - Ciputat,-6.120604,106.708881,Tangerang,49,19,21,Low,36.3
2024-02-13 18:30:00,Jl. HR Rasuna Said - Casablanca,-6.270683,106.776612,Cawang,123,59,37,Medium,91.1
2024-02-13 20:30:00,Jl. Fatmawati - Cipete,-6.304548,106.787167,Pluit,25,10,7,Low,18.5
2024-02-13 22:30:00,Jl. Ciledug - Tangerang,-6.212699,106.96315,Senayan,31,11,10,Low,23.0
2024-02-14 00:00:00,Jl. Wolter Monginsidi - Kebayoran Baru,-6.104868,106.887878,Pluit,26,11,10,Low,19.3
2024-02-14 02:30:00,Jl. Warung Buncit - Pejaten,-6.189791,106.990807,Kelapa Gading,8,3,2,Low,5.9
2024-02-14 17:30:00,Jl. Kemang Raya - Bangka,-6.25665,106.867567,Kemang,110,46,47,Medium,81.5
2024-02-14 17:30:00,Jl. Wolter Monginsidi - Kebayoran Baru,-6.104868,106.887878,Pluit,126,59,38,Medium,93.3
2024-02-15 00:30:00,Jl. Satrio - Mega Kuningan,-6.311796,106.806502,Kemang,12,4,5,Low,8.9
2024-02-15 21:30:00,Jl. Gajah Mada - Mangga Dua,-6.160784,106.967608,Blok M,20,7,6,Low,14.8
2024-02-16 01:30:00,Jl. Kelapa Gading Boulevard,-6.338097,106.915145,Cakung,10,4,3,Low,7.4
2024-02-16 04:30:00,Jl. Pluit - Muara Karang,-6.209726,106.804216,Pluit,23,8,8,Low,17.0
2024-02-16 05:30:00,Jl. Gatot Subroto - Kuningan,-6.22945,106.714205,Kuningan,15,5,6,Low,11.1
2024-02-16 06:00:00,Jl. TB Simatupang - Ciracas,-6.228116,106.832055,Mangga Dua,23,11,7,Low,17.0
2024-02-16 07:00:00,Jl. OTT - Cipayung,-6.107017,106.860825,Mangga Dua,113,39,45,Medium,83.7
2024-02-16 15:00:00,Jl. Jend. Gatot Subroto - Slipi,-6.274291,106.902045,Bekasi,44,20,14,Low,32.6
2024-02-16 19:00:00,Jl. TB Simatupang - Ciracas,-6.228116,106.832055,Mangga Dua,46,22,16,Medium,34.1
2024-02-17 02:30:00,Jl. Pantai Indah Kapuk - PIK,-6.213754,106.91665,Sudirman,12,5,4,Low,8.9
2024-02-17 06:30:00,Jl. Pondok Indah - Pondok Pinang,-6.342138,106.750299,Blok M,4,1,1,Low,3.0
2024-02-17 10:00:00,Jl. Proklamasi - Menteng,-6.30321,106.824834,Kuningan,57,23,22,Low,42.2
2024-02-17 16:00:00,Jl. Senopati - Kebayoran Baru,-6.101548,106.969055,PIK,56,25,22,Low,41.5
2024-02-17 22:30:00,Jl. Gajah Mada - Mangga Dua,-6.160784,106.967608,Blok M,14,4,5,Low,10.4
2024-02-18 04:00:00,Jl. Bypass - Cibubur,-6.113984,106.955501,Mangga Dua,15,5,6,Low,11.1
2024-02-18 05:00:00,Jl. OTT - Cipayung,-6.107017,106.860825,Mangga Dua,12,5,4,Low,8.9
2024-02-18 11:00:00,Jl. Rasuna Said - Setiabudi,-6.134657,106.923223,Sunter,60,25,24,Low,44.4
2024-02-18 14:30:00,Jl. Hayam Wuruk - Harmoni,-6.335259,106.789533,Sunter,72,30,29,Low,53.3
2024-02-18 21:00:00,Jl. Pasar Minggu - Lenteng Agung,-6.232437,106.878927,Senayan,3,1,0,Low,2.2
2024-02-19 00:30:00,Jl. Bypass - Cibubur,-6.113984,106.955501,Mangga Dua,1,0,0,Low,0.7
2024-02-19 03:00:00,Jl. Kemang Raya - Bangka,-6.25665,106.867567,Kemang,1,0,0,Low,0.7
2024-02-19 09:30:00,Jl. Raya Meruya - Kembangan,-6.207135,106.763742,Cakung,74,36,23,Medium,54.8
2024-02-19 10:30:00,Jl. Raya Meruya - Kembangan,-6.207135,106.763742,Cakung,41,16,12,Low,30.4
2024-02-19 13:30:00,Jl. Jend. Sudirman - Semanggi,-6.236244,106.858119,Slipi,49,17,14,Low,36.3
2024-02-19 16:00:00,Jl. Asia Afrika - Gelora Bung Karno,-6.247468,106.769042,Depok,35,13,11,Low,25.9
2024-02-19 17:00:00,Jl. Hayam Wuruk - Harmoni,-6.335259,106.789533,Sunter,72,35,30,Medium,53.3
2024-02-19 17:00:00,Jl. Pondok Indah - Pondok Pinang,-6.342138,106.750299,Blok M,103,48,38,Medium,76.3
2024-02-20 00:30:00,Jl. KS Tubun - Slipi,-6.132922,106.873482,Senen,13,6,4,Low,9.6
2024-02-20 01:30:00,Jl. Diponegoro - Cikini,-6.190713,106.82378,Kelapa Gading,34,15,12,Low,25.2
2024-02-20 05:00:00,Jl. Pemuda - Senen,-6.329711,106.821784,Menteng,12,5,4,Low,8.9
2024-02-20 09:00:00,Jl. Satrio - Mega Kuningan,-6.311796,106.806502,Kemang,63,28,27,Medium,46.7
2024-02-20 11:30:00,Jl. Perintis Kemerdekaan - Cakung,-6.157094,106.797319,Kelapa Gading,24,9,10,Medium,17.8
2024-02-20 14:00:00,Jl. Perintis Kemerdekaan - Cakung,-6.157094,106.797319,Kelapa Gading,49,21,20,Low,36.3
2024-02-20 14:30:00,Jl. Raya Bogor - Citereup,-6.213028,106.910585,Bekasi,47,23,18,Low,34.8
2024-02-20 16:00:00,Jl. I Gusti Ngurah Rai - Cilincing,-6.220578,106.809532,Cibubur,45,17,14,Medium,33.3
2024-02-20 22:00:00,Jl. KS Tubun - Slipi,-6.132922,106.873482,Senen,50,18,16,Low,37.0
2024-02-21 11:00:00,Jl. Alternatif Cibubur - Depok,-6.17444,106.922457,PIK,33,16,10,Low,24.4
2024-02-21 17:30:00,Jl. Thamrin - Monas,-6.307573,106.808325,Senayan,51,24,17,Medium,37.8
2024-02-21 21:00:00,Jl. Gatot Subroto - Kuningan,-6.22945,106.714205,Kuningan,21,9,6,Low,15.6
2024-02-21 23:00:00,Jl. Senopati - Kebayoran Baru,-6.101548,106.969055,PIK,27,10,9,Low,20.0
2024-02-22 06:30:00,Jl. Sudirman - Bundaran HI,-6.34447,106.892254,Depok,9,3,3,Low,6.7
2024-02-22 08:00:00,Jl. Raya Condet - Balekambang,-6.194614,106.715079,Slipi,94,39,29,Medium,69.6
2024-02-22 14:00:00,Jl. Raya Kamal - Penjaringan,-6.239156,106.967801,Senen,38,15,11,Medium,28.1
2024-02-22 16:00:00,Jl. Pemuda - Senen,-6.329711,106.821784,Menteng,40,18,13,Low,29.6
2024-02-22 18:30:00,Jl. Jend. Gatot Subroto - Slipi,-6.274291,106.902045,Bekasi,95,33,28,Medium,70.4
2024-02-22 21:00:00,Jl. Kelapa Gading Boulevard,-6.338097,106.915145,Cakung,32,11,10,Low,23.7
2024-02-23 01:00:00,Jl. Senopati - Kebayoran Baru,-6.101548,106.969055,PIK,18,8,6,Low,13.3
2024-02-23 01:30:00,Jl. Satrio - Mega Kuningan,-6.311796,106.806502,Kemang,16,6,6,Low,11.9
2024-02-23 03:30:00,Jl. Hayam Wuruk - Harmoni,-6.335259,106.789533,Sunter,26,10,9,Low,19.3
2024-02-23 05:00:00,Jl. Yos Sudarso - Sunter,-6.290911,106.843112,Blok M,8,3,3,Low,5.9
2024-02-23 12:00:00,Jl. Yos Sudarso - Sunter,-6.290911,106.843112,Blok M,47,18,18,Low,34.8
2024-02-23 13:00:00,Jl. Casablanca - Kampung Melayu,-6.349356,106.862667,Sudirman,33,13,12,Low,24.4
2024-02-23 18:00:00,Jl. HR Rasuna Said - Casablanca,-6.270683,106.776612,Cawang,102,38,31,Medium,75.6
2024-02-24 01:30:00,Jl. Pantai Indah Kapuk - PIK,-6.213754,106.91665,Sudirman,4,1,1,Low,3.0
2024-02-24 07:30:00,Jl. Kelapa Gading Boulevard,-6.338097,106.915145,Cakung,27,13,11,Low,20.0
2024-02-24 22:30:00,Jl. Kelapa Gading Boulevard,-6.338097,106.915145,Cakung,17,6,6,Low,12.6
2024-02-25 13:00:00,Jl. KS Tubun - Slipi,-6.132922,106.873482,Senen,39,16,15,Low,28.9
2024-02-26 01:00:00,Jl. Kalibata - Jati Padang,-6.153436,106.706045,Grogol,26,11,9,Low,19.3
2024-02-26 02:00:00,Jl. Raden Saleh - Salemba,-6.29455,106.702558,Cawang,2,0,0,Low,1.5
2024-02-26 06:00:00,Jl. Wolter Monginsidi - Kebayoran Baru,-6.104868,106.887878,Pluit,22,10,8,Low,16.3
2024-02-26 08:30:00,Jl. MT Haryono - Cawang,-6.330828,106.709375,Depok,43,17,19,Medium,31.9
2024-02-26 11:30:00,Jl. MT Haryono - Cawang,-6.330828,106.709375,Depok,56,20,23,Low,41.5
2024-02-26 12:30:00,Jl. I Gusti Ngurah Rai - Cilincing,-6.220578,106.809532,Cibubur,43,17,13,Low,31.9
2024-02-26 13:30:00,Jl. Rasuna Said - Setiabudi,-6.134657,106.923223,Sunter,53,18,20,Medium,39.3
2024-02-26 20:30:00,Jl. TB Simatupang - Ciracas,-6.228116,106.832055,Mangga Dua,16,7,6,Low,11.9
2024-02-26 22:30:00,Jl. Trunojoyo - Kebayoran,-6.25295,106.985902,Menteng,22,9,7,Low,16.3
2024-02-27 01:30:00,Jl. Kelapa Gading Boulevard,-6.338097,106.915145,Cakung,21,8,7,Low,15.6
2024-02-27 04:00:00,Jl. Daan Mogot - Grogol,-6.311875,106.891804,Menteng,29,11,11,Low,21.5
2024-02-27 04:30:00,Jl. Pluit - Muara Karang,-6.209726,106.804216,Pluit,17,6,7,Low,12.6
2024-02-27 05:30:00,Jl. Raya Kamal - Penjaringan,-6.239156,106.967801,Senen,15,5,6,Low,11.1
2024-02-27 14:00:00,Jl. Raya Kebayoran - Blok M,-6.254827,106.866697,Grogol,48,23,15,Medium,35.6
2024-02-27 16:00:00,Jl. Casablanca - Kampung Melayu,-6.349356,106.862667,Sudirman,40,19,12,Low,29.6
2024-02-27 19:30:00,Jl. Raya Kebayoran - Blok M,-6.254827,106.866697,Grogol,92,44,39,Medium,68.1
2024-02-27 19:30:00,Jl. Gajah Mada - Mangga Dua,-6.160784,106.967608,Blok M,113,52,43,Medium,83.7
2024-02-27 22:00:00,Jl. MT Haryono - Cawang,-6.330828,106.709375,Depok,45,19,15,Low,33.3
2024-02-28 02:30:00,Jl. Senopati - Kebayoran Baru,-6.101548,106.969055,PIK,27,11,9,Low,20.0
2024-02-28 03:00:00,Jl. Raden Saleh - Salemba,-6.29455,106.702558,Cawang,18,7,5,Low,13.3
2024-02-28 14:30:00,Jl. Pasar Minggu - Lenteng Agung,-6.232437,106.878927,Senayan,71,32,28,Low,52.6
2024-02-28 16:00:00,Jl. Kramat Raya - Senen,-6.286055,106.77422,PIK,45,19,18,Low,33.3
2024-02-28 18:30:00,Jl. Pluit - Muara Karang,-6.209726,106.804216,Pluit,107,45,37,Medium,79.3
2024-02-29 00:00:00,Jl. Asia Afrika - Gelora Bung Karno,-6.247468,106.769042,Depok,23,11,7,Low,17.0
2024-02-29 01:00:00,Jl. Rasuna Said - Setiabudi,-6.134657,106.923223,Sunter,18,6,8,Low,13.3
2024-02-29 18:30:00,Jl. Jend. Sudirman - Semanggi,-6.236244,106.858119,Slipi,77,31,33,Medium,57.0
2024-02-29 20:30:00,Jl. Jend. Sudirman - Semanggi,-6.236244,106.858119,Slipi,16,7,5,Low,11.9
2024-03-01 03:00:00,Jl. Alternatif Cibubur - Depok,-6.17444,106.922457,PIK,23,10,8,Low,17.0
2024-03-01 09:30:00,Jl. Proklamasi - Menteng,-6.30321,106.824834,Kuningan,87,32,29,Medium,64.4
2024-03-01 19:30:00,Jl. Raya Bogor - Citereup,-6.213028,106.910585,Bekasi,133,51,47,Medium,98.5
2024-03-01 21:00:00,Jl. Yos Sudarso - Sunter,-6.290911,106.843112,Blok M,34,12,13,Low,25.2
2024-03-01 22:00:00,Jl. TB Simatupang - Ciracas,-6.228116,106.832055,Mangga Dua,39,18,17,Low,28.9
2024-03-02 02:30:00,Jl. Kelapa Gading Boulevard,-6.338097,106.915145,Cakung,23,8,9,Low,17.0
2024-03-02 05:00:00,Jl. Raya Kamal - Penjaringan,-6.239156,106.967801,Senen,3,1,1,Low,2.2
2024-03-02 08:30:00,Jl. Senopati - Kebayoran Baru,-6.101548,106.969055,PIK,9,4,3,Low,6.7
2024-03-02 09:30:00,Jl. Kemang Raya - Bangka,-6.25665,106.867567,Kemang,8,3,3,Low,5.9
2024-03-02 10:30:00,Jl. Ciledug - Tangerang,-6.212699,106.96315,Senayan,53,25,18,Medium,39.3
2024-03-02 16:30:00,Jl. Proklamasi - Menteng,-6.30321,106.824834,Kuningan,63,24,22,Low,46.7
2024-03-02 17:00:00,Jl. Satrio - Mega Kuningan,-6.311796,106.806502,Kemang,69,32,21,Low,51.1
2024-03-02 19:30:00,Jl. Rasuna Said - Setiabudi,-6.134657,106.923223,Sunter,44,20,15,Low,32.6
2024-03-03 13:00:00,Jl. Trunojoyo - Kebayoran,-6.25295,106.985902,Menteng,57,23,23,Medium,42.2
2024-03-03 14:30:00,Jl. Casablanca - Kampung Melayu,-6.349356,106.862667,Sudirman,62,21,19,Low,45.9
2024-03-03 15:00:00,Jl. Casablanca - Kampung Melayu,-6.349356,106.862667,Sudirman,64,26,23,Low,47.4
2024-03-03 16:00:00,Jl. Pluit - Muara Karang,-6.209726,106.804216,Pluit,62,23,22,Medium,45.9
2024-03-03 19:30:00,Jl. Raya Bogor - Citereup,-6.213028,106.910585,Bekasi,54,24,17,Low,40.0
2024-03-03 22:30:00,Jl. Proklamasi - Menteng,-6.30321,106.824834,Kuningan,18,8,5,Low,13.3
2024-03-04 00:00:00,Jl. OTT - Cipayung,-6.107017,106.860825,Mangga Dua,22,10,6,Low,16.3
2024-03-04 02:00:00,Jl. Rasuna Said - Setiabudi,-6.134657,106.923223,Sunter,15,6,4,Low,11.1
2024-03-04 22:00:00,Jl. Jend. Sudirman - Semanggi,-6.236244,106.858119,Slipi,38,17,14,Low,28.1
2024-03-05 03:00:00,Jl. MT Haryono - Cawang,-6.330828,106.709375,Depok,18,7,6,Low,13.3
2024-03-05 04:00:00,Jl. Metro Pondok Indah - Ciputat,-6.120604,106.708881,Tangerang,22,9,8,Low,16.3
2024-03-05 10:00:00,Jl. OTT - Cipayung,-6.107017,106.860825,Mangga Dua,25,12,8,Low,18.5
2024-03-05 17:30:00,Jl. Hayam Wuruk - Harmoni,-6.335259,106.789533,Sunter,121,58,37,Medium,89.6
2024-03-05 18:00:00,Jl. Pluit - Muara Karang,-6.209726,106.804216,Pluit,43,20,16,Medium,31.9
2024-03-05 18:00:00,Jl. Gajah Mada - Mangga Dua,-6.160784,106.967608,Blok M,64,25,19,Medium,47.4
2024-03-05 19:00:00,Jl. HR Rasuna Said - Casablanca,-6.270683,106.776612,Cawang,79,27,29,Medium,58.5
2024-03-06 01:30:00,Jl. Jend. Gatot Subroto - Slipi,-6.274291,106.902045,Bekasi,10,3,4,Low,7.4
2024-03-06 01:30:00,Jl. Raya Condet - Balekambang,-6.194614,106.715079,Slipi,23,8,6,Low,17.0
2024-03-06 03:00:00,Jl. Trunojoyo - Kebayoran,-6.25295,106.985902,Menteng,22,10,7,Low,16.3
2024-03-06 03:00:00,Jl. MT Haryono - Cawang,-6.330828,106.709375,Depok,32,14,12,Low,23.7
2024-03-06 08:00:00,Jl. HR Rasuna Said - Casablanca,-6.270683,106.776612,Cawang,120,46,53,Medium,88.9
2024-03-06 08:30:00,Jl. Trunojoyo - Kebayoran,-6.25295,106.985902,Menteng,122,42,42,Medium,90.4
2024-03-06 10:00:00,Jl. Raya Condet - Balekambang,-6.194614,106.715079,Slipi,40,18,15,Medium,29.6
2024-03-06 17:30:00,Jl. Proklamasi - Menteng,-6.30321,106.824834,Kuningan,74,31,32,Medium,54.8
2024-03-06 23:30:00,Jl. Trunojoyo - Kebayoran,-6.25295,106.985902,Menteng,9,4,3,Low,6.7
2024-03-07 10:00:00,Jl. Tendean - Mampang,-6.248301,106.959944,Sudirman,60,24,18,Low,44.4
2024-03-07 14:30:00,Jl. Suryo - Senopati,-6.209467,106.921182,Tangerang,34,16,11,Low,25.2
2024-03-07 22:30:00,Jl. Tendean - Mampang,-6.248301,106.959944,Sudirman,32,13,11,Low,23.7
2024-03-08 01:00:00,Jl. Gajah Mada - Mangga Dua,-6.160784,106.967608,Blok M,15,6,6,Low,11.1
2024-03-08 01:00:00,Jl. Asia Afrika - Gelora Bung Karno,-6.247468,106.769042,Depok,21,9,8,Low,15.6
2024-03-08 05:30:00,Jl. Tendean - Mampang,-6.248301,106.959944,Sudirman,12,5,3,Low,8.9
2024-03-08 08:00:00,Jl. Pasar Minggu - Lenteng Agung,-6.232437,106.878927,Senayan,83,38,29,Medium,61.5
2024-03-08 10:00:00,Jl. Proklamasi - Menteng,-6.30321,106.824834,Kuningan,41,19,14,Low,30.4
2024-03-08 12:30:00,Jl. Pemuda - Senen,-6.329711,106.821784,Menteng,23,11,10,Medium,17.0
2024-03-08 13:00:00,Jl. Trunojoyo - Kebayoran,-6.25295,106.985902,Menteng,28,10,10,Low,20.7
2024-03-09 01:00:00,Jl. Alternatif Cibubur - Depok,-6.17444,106.922457,PIK,17,6,6,Low,12.6
2024-03-09 01:30:00,Jl. Kemang Raya - Bangka,-6.25665,106.867567,Kemang,0,0,0,Low,0.0
2024-03-09 10:00:00,Jl. Pondok Indah - Pondok Pinang,-6.342138,106.750299,Blok M,36,13,14,Low,26.7
2024-03-10 03:30:00,Jl. Raya Condet - Balekambang,-6.194614,106.715079,Slipi,23,11,9,Low,17.0
2024-03-10 13:00:00,Jl. Raden Saleh - Salemba,-6.29455,106.702558,Cawang,63,30,19,Medium,46.7
2024-03-10 14:00:00,Jl. Fatmawati - Cipete,-6.304548,106.787167,Pluit,48,18,17,Low,35.6
2024-03-10 15:00:00,Jl. Kelapa Gading Boulevard,-6.338097,106.915145,Cakung,25,11,8,Low,18.5
2024-03-10 18:30:00,Jl. Sudirman - Bundaran HI,-6.34447,106.892254,Depok,47,17,16,Low,34.8
2024-03-11 05:00:00,Jl. Kelapa Gading Boulevard,-6.338097,106.915145,Cakung,2,0,0,Low,1.5
2024-03-11 06:30:00,Jl. Tendean - Mampang,-6.248301,106.959944,Sudirman,13,5,5,Low,9.6
2024-03-11 09:30:00,Jl. MT Haryono - Cawang,-6.330828,106.709375,Depok,114,54,43,Medium,84.4
2024-03-11 20:00:00,Jl. Kelapa Gading Boulevard,-6.338097,106.915145,Cakung,40,15,15,Low,29.6
2024-03-12 06:00:00,Jl. Kramat Raya - Senen,-6.286055,106.77422,PIK,20,7,6,Low,14.8
2024-03-12 07:00:00,Jl. Raya Kamal - Penjaringan,-6.239156,106.967801,Senen,69,29,22,Medium,51.1
2024-03-12 09:30:00,Jl. Metro Pondok Indah - Ciputat,-6.120604,106.708881,Tangerang,64,30,23,Medium,47.4
2024-03-12 18:00:00,Jl. Pantai Indah Kapuk - PIK,-6.213754,106.91665,Sudirman,135,61,59,Medium,100.0
2024-03-12 20:00:00,Jl. Hayam Wuruk - Harmoni,-6.335259,106.789533,Sunter,54,20,21,Low,40.0
2024-03-12 20:00:00,Jl. Kemang Raya - Bangka,-6.25665,106.867567,Kemang,21,9,6,Low,15.6
2024-03-13 00:00:00,Jl. Raya Condet - Balekambang,-6.194614,106.715079,Slipi,20,8,6,Low,14.8
2024-03-13 05:30:00,Jl. Thamrin - Monas,-6.307573,106.808325,Senayan,5,1,1,Low,3.7
2024-03-13 05:30:00,Jl. Raya Kamal - Penjaringan,-6.239156,106.967801,Senen,28,12,9,Low,20.7
2024-03-13 07:30:00,Jl. Perintis Kemerdekaan - Cakung,-6.157094,106.797319,Kelapa Gading,122,60,51,Medium,90.4
2024-03-13 08:00:00,Jl. Gajah Mada - Mangga Dua,-6.160784,106.967608,Blok M,46,19,14,Medium,34.1
2024-03-13 17:00:00,Jl. Proklamasi - Menteng,-6.30321,106.824834,Kuningan,84,39,35,Medium,62.2
2024-03-14 05:30:00,Jl. Warung Buncit - Pejaten,-6.189791,106.990807,Kelapa Gading,30,11,11,Low,22.2
2024-03-14 10:30:00,Jl. Raya Kebayoran - Blok M,-6.254827,106.866697,Grogol,29,12,11,Low,21.5
2024-03-14 14:00:00,Jl. Raya Bogor - Citereup,-6.213028,106.910585,Bekasi,49,24,21,Medium,36.3
2024-03-14 17:00:00,Jl. Gatot Subroto - Kuningan,-6.22945,106.714205,Kuningan,117,49,39,Medium,86.7
2024-03-14 17:30:00,Jl. Raya Kamal - Penjaringan,-6.239156,106.967801,Senen,106,41,40,Medium,78.5
2024-03-14 19:00:00,Jl. Casablanca - Kampung Melayu,-6.349356,106.862667,Sudirman,82,40,32,Medium,60.7
2024-03-14 19:30:00,Jl. Alternatif Cibubur - Depok,-6.17444,106.922457,PIK,71,32,29,Medium,52.6
2024-03-15 00:30:00,Jl. Casablanca - Kampung Melayu,-6.349356,106.862667,Sudirman,17,6,5,Low,12.6
2024-03-15 02:00:00,Jl. Trunojoyo - Kebayoran,-6.25295,106.985902,Menteng,21,7,8,Low,15.6
2024-03-15 08:00:00,Jl. Metro Pondok Indah - Ciputat,-6.120604,106.708881,Tangerang,87,36,34,Medium,64.4
2024-03-15 14:30:00,Jl. TB Simatupang - Ciracas,-6.228116,106.832055,Mangga Dua,41,15,13,Medium,30.4
2024-03-15 17:30:00,Jl. Warung Buncit - Pejaten,-6.189791,106.990807,Kelapa Gading,90,42,37,Medium,66.7
2024-03-15 22:00:00,Jl. Asia Afrika - Gelora Bung Karno,-6.247468,106.769042,Depok,48,23,17,Low,35.6
2024-03-15 22:30:00,Jl. Jend. Sudirman - Semanggi,-6.236244,106.858119,Slipi,25,10,10,Low,18.5
2024-03-16 00:00:00,Jl. Pluit - Muara Karang,-6.209726,106.804216,Pluit,8,3,2,Low,5.9
2024-03-16 06:00:00,Jl. Kelapa Gading Boulevard,-6.338097,106.915145,Cakung,7,2,2,Low,5.2
2024-03-16 12:30:00,Jl. Perintis Kemerdekaan - Cakung,-6.157094,106.797319,Kelapa Gading,23,11,9,Medium,17.0
2024-03-16 16:00:00,Jl. Trunojoyo - Kebayoran,-6.25295,106.985902,Menteng,33,15,10,Low,24.4
2024-03-16 19:30:00,Jl. Metro Pondok Indah - Ciputat,-6.120604,106.708881,Tangerang,49,18,18,Low,36.3
2024-03-16 23:30:00,Jl. Warung Buncit - Pejaten,-6.189791,106.990807,Kelapa Gading,22,8,8,Low,16.3
2024-03-17 05:30:00,Jl. Proklamasi - Menteng,-6.30321,106.824834,Kuningan,24,11,8,Low,17.8
2024-03-17 07:00:00,Jl. Kelapa Gading Boulevard,-6.338097,106.915145,Cakung,16,6,5,Low,11.9
2024-03-17 11:30:00,Jl. Warung Buncit - Pejaten,-6.189791,106.990807,Kelapa Gading,37,14,12,Medium,27.4
2024-03-17 17:30:00,Jl. Satrio - Mega Kuningan,-6.311796,106.806502,Kemang,48,18,14,Low,35.6
2024-03-17 21:30:00,Jl. Raya Kamal - Penjaringan,-6.239156,106.967801,Senen,11,4,3,Low,8.1
2024-03-18 01:30:00,Jl. Boulevard Raya - Kelapa Gading,-6.269007,106.813587,Tangerang,28,10,11,Low,20.7
2024-03-18 03:30:00,Jl. OTT - Cipayung,-6.107017,106.860825,Mangga Dua,19,7,7,Low,14.1
2024-03-18 06:30:00,Jl. Raden Saleh - Salemba,-6.29455,106.702558,Cawang,13,5,3,Low,9.6
2024-03-18 14:30:00,Jl. Proklamasi - Menteng,-6.30321,106.824834,Kuningan,24,9,10,Low,17.8
2024-03-19 05:00:00,Jl. Daan Mogot - Grogol,-6.311875,106.891804,Menteng,8,3,3,Low,5.9
2024-03-19 10:30:00,Jl. Daan Mogot - Grogol,-6.311875,106.891804,Menteng,51,22,18,Low,37.8
2024-03-19 15:30:00,Jl. Raya Bogor - Cibubur,-6.309112,106.979063,Cibubur,32,14,13,Low,23.7
2024-03-19 16:30:00,Jl. Fatmawati - Cipete,-6.304548,106.787167,Pluit,56,22,24,Low,41.5
2024-03-19 22:00:00,Jl. Gajah Mada - Mangga Dua,-6.160784,106.967608,Blok M,22,8,7,Low,16.3
2024-03-20 00:30:00,Jl. Raya Condet - Balekambang,-6.194614,106.715079,Slipi,9,3,3,Low,6.7
2024-03-20 01:00:00,Jl. Kalibata - Jati Padang,-6.153436,106.706045,Grogol,20,8,7,Low,14.8
2024-03-20 02:30:00,Jl. Hayam Wuruk - Harmoni,-6.335259,106.789533,Sunter,23,8,8,Low,17.0
2024-03-20 03:00:00,Jl. Wolter Monginsidi - Kebayoran Baru,-6.104868,106.887878,Pluit,24,10,9,Low,17.8
2024-03-20 04:30:00,Jl. Rasuna Said - Setiabudi,-6.134657,106.923223,Sunter,11,4,3,Low,8.1
2024-03-20 07:00:00,Jl. Thamrin - Monas,-6.307573,106.808325,Senayan,84,35,28,Medium,62.2
2024-03-20 14:30:00,Jl. Raya Condet - Balekambang,-6.194614,106.715079,Slipi,16,7,5,Low,11.9
2024-03-21 11:00:00,Jl. Kramat Raya - Senen,-6.286055,106.77422,PIK,36,17,11,Medium,26.7
2024-03-21 12:00:00,Jl. Rasuna Said - Setiabudi,-6.134657,106.923223,Sunter,63,28,22,Low,46.7
2024-03-21 15:30:00,Jl. MT Haryono - Cawang,-6.330828,106.709375,Depok,42,18,13,Medium,31.1
2024-03-21 17:30:00,Jl. Satrio - Mega Kuningan,-6.311796,106.806502,Kemang,105,46,41,Medium,77.8
2024-03-22 00:00:00,Jl. Warung Buncit - Pejaten,-6.189791,106.990807,Kelapa Gading,8,3,2,Low,5.9
2024-03-22 00:30:00,Jl. Kramat Raya - Senen,-6.286055,106.77422,PIK,26,10,9,Low,19.3
2024-03-22 06:00:00,Jl. HR Rasuna Said - Casablanca,-6.270683,106.776612,Cawang,4,1,1,Low,3.0
2024-03-22 13:00:00,Jl. Boulevard Raya - Kelapa Gading,-6.269007,106.813587,Tangerang,28,12,10,Medium,20.7
2024-03-22 20:30:00,Jl. Tendean - Mampang,-6.248301,106.959944,Sudirman,32,11,12,Low,23.7
2024-03-22 22:30:00,Jl. Raya Meruya - Kembangan,-6.207135,106.763742,Cakung,45,17,17,Low,33.3
2024-03-22 23:00:00,Jl. TB Simatupang - Ciracas,-6.228116,106.832055,Mangga Dua,28,13,11,Low,20.7
2024-03-23 00:30:00,Jl. I Gusti Ngurah Rai - Cilincing,-6.220578,106.809532,Cibubur,3,1,1,Low,2.2
2024-03-23 00:30:00,Jl. Casablanca - Kampung Melayu,-6.349356,106.862667,Sudirman,19,6,8,Low,14.1
2024-03-23 04:30:00,Jl. Kelapa Gading Boulevard,-6.338097,106.915145,Cakung,22,9,9,Low,16.3
2024-03-23 20:30:00,Jl. Senopati - Kebayoran Baru,-6.101548,106.969055,PIK,24,9,10,Medium,17.8
2024-03-24 08:30:00,Jl. Kelapa Gading Boulevard,-6.338097,106.915145,Cakung,11,5,3,Low,8.1
2024-03-24 10:00:00,Jl. Jend. Sudirman - Semanggi,-6.236244,106.858119,Slipi,48,22,18,Low,35.6
2024-03-24 10:30:00,Jl. Wolter Monginsidi - Kebayoran Baru,-6.104868,106.887878,Pluit,43,19,17,Low,31.9
2024-03-24 15:00:00,Jl. Ciledug - Tangerang,-6.212699,106.96315,Senayan,54,20,23,Low,40.0
2024-03-24 17:30:00,Jl. Kramat Raya - Senen,-6.286055,106.77422,PIK,65,25,21,Low,48.1
2024-03-24 18:30:00,Jl. Fatmawati - Cipete,-6.304548,106.787167,Pluit,63,24,20,Low,46.7
2024-03-25 01:00:00,Jl. Raya Meruya - Kembangan,-6.207135,106.763742,Cakung,19,8,7,Low,14.1
2024-03-25 03:30:00,Jl. Rasuna Said - Setiabudi,-6.134657,106.923223,Sunter,11,4,4,Low,8.1
2024-03-25 07:00:00,Jl. Jend. Gatot Subroto - Slipi,-6.274291,106.902045,Bekasi,68,24,30,Medium,50.4
2024-03-25 14:30:00,Jl. Trunojoyo - Kebayoran,-6.25295,106.985902,Menteng,64,31,25,Low,47.4
2024-03-26 05:30:00,Jl. Trunojoyo - Kebayoran,-6.25295,106.985902,Menteng,16,6,4,Low,11.9
2024-03-26 07:00:00,Jl. Senopati - Kebayoran Baru,-6.101548,106.969055,PIK,53,22,22,Medium,39.3
2024-03-26 07:00:00,Jl. Satrio - Mega Kuningan,-6.311796,106.806502,Kemang,79,34,33,Medium,58.5
2024-03-26 12:30:00,Jl. KS Tubun - Slipi,-6.132922,106.873482,Senen,52,22,20,Low,38.5
2024-03-26 18:30:00,Jl. Wolter Monginsidi - Kebayoran Baru,-6.104868,106.887878,Pluit,118,54,47,Medium,87.4
2024-03-26 20:30:00,Jl. Boulevard Raya - Kelapa Gading,-6.269007,106.813587,Tangerang,33,13,14,Low,24.4
2024-03-26 22:00:00,Jl. Kelapa Gading Boulevard,-6.338097,106.915145,Cakung,29,14,12,Low,21.5
2024-03-27 04:00:00,Jl. Pondok Indah - Pondok Pinang,-6.342138,106.750299,Blok M,8,3,2,Low,5.9
2024-03-27 23:30:00,Jl. Daan Mogot - Grogol,-6.311875,106.891804,Menteng,22,10,6,Low,16.3
2024-03-28 01:30:00,Jl. Kemang Raya - Bangka,-6.25665,106.867567,Kemang,18,8,6,Low,13.3
2024-03-28 04:30:00,Jl. Asia Afrika - Gelora Bung Karno,-6.247468,106.769042,Depok,22,10,7,Low,16.3
2024-03-28 07:00:00,Jl. Raya Bogor - Cibubur,-6.309112,106.979063,Cibubur,50,20,18,Medium,37.0
2024-03-28 08:00:00,Jl. Raya Bogor - Cibubur,-6.309112,106.979063,Cibubur,93,35,37,Medium,68.9
2024-03-28 12:30:00,Jl. Trunojoyo - Kebayoran,-6.25295,106.985902,Menteng,33,12,12,Medium,24.4
2024-03-28 12:30:00,Jl. KS Tubun - Slipi,-6.132922,106.873482,Senen,31,11,9,Low,23.0
2024-03-28 15:00:00,Jl. Satrio - Mega Kuningan,-6.311796,106.806502,Kemang,51,24,16,Low,37.8
2024-03-28 18:00:00,Jl. Pluit - Muara Karang,-6.209726,106.804216,Pluit,87,41,27,Medium,64.4
2024-03-29 03:30:00,Jl. Senopati - Kebayoran Baru,-6.101548,106.969055,PIK,16,7,5,Low,11.9
2024-03-29 15:00:00,Jl. Warung Buncit - Pejaten,-6.189791,106.990807,Kelapa Gading,56,22,18,Low,41.5
2024-03-30 00:30:00,Jl. Raya Meruya - Kembangan,-6.207135,106.763742,Cakung,17,7,5,Low,12.6
2024-03-30 01:00:00,Jl. Raya Bogor - Citereup,-6.213028,106.910585,Bekasi,0,0,0,Low,0.0
2024-03-30 01:30:00,Jl. Raya Kebayoran - Blok M,-6.254827,106.866697,Grogol,5,2,1,Low,3.7
2024-03-30 03:30:00,Jl. Kelapa Gading Boulevard,-6.338097,106.915145,Cakung,7,3,2,Low,5.2
2024-03-30 05:00:00,Jl. Yos Sudarso - Sunter,-6.290911,106.843112,Blok M,2,0,0,Low,1.5
2024-03-30 18:30:00,Jl. Suryo - Senopati,-6.209467,106.921182,Tangerang,53,25,17,Low,39.3
2024-03-30 20:30:00,Jl. Tendean - Mampang,-6.248301,106.959944,Sudirman,40,19,15,Medium,29.6
2024-03-31 01:00:00,Jl. Trunojoyo - Kebayoran,-6.25295,106.985902,Menteng,2,0,0,Low,1.5
2024-03-31 04:00:00,Jl. Pondok Indah - Pondok Pinang,-6.342138,106.750299,Blok M,25,9,10,Low,18.5
2024-03-31 12:00:00,Jl. Senopati - Kebayoran Baru,-6.101548,106.969055,PIK,41,14,15,Medium,30.4
2024-03-31 15:00:00,Jl. OTT - Cipayung,-6.107017,106.860825,Mangga Dua,49,20,17,Medium,36.3
