road_id,road_name,district,origin_latitude,origin_longitude,dest_latitude,dest_longitude,flow_volume,has_bus_lane,has_bike_lane
RD-0169,Jl. Segment 169,Cibubur,-6.164967,106.861978,-6.164988,106.85901,1518,0,1
RD-0016,Jl. Segment 16,Cawang,-6.236674,106.859437,-6.238663,106.864009,2399,0,0
RD-0073,Jl. Segment 73,Menteng,-6.210248,106.992234,-6.226769,106.997742,7916,0,0
RD-0023,Jl. Segment 23,Kuningan,-6.119639,106.708231,-6.115076,106.718312,7681,0,0
RD-0044,Jl. Segment 44,Blok M,-6.229034,106.831505,-6.209939,106.835268,7115,0,0
RD-0076,Jl. Segment 76,Sudirman,-6.250253,106.967498,-6.268558,106.96282,591,0,0
RD-0105,Jl. Segment 105,Menteng,-6.327645,106.88088,-6.341975,106.900127,920,0,0
RD-0008,Jl. Segment 8,PIK,-6.18944,106.825046,-6.18058,106.833229,932,0,1
RD-0163,Jl. Segment 163,Mangga Dua,-6.209716,106.916137,-6.212229,106.924938,17923,1,0
RD-0178,Jl. Segment 178,Sudirman,-6.247374,106.87421,-6.266898,106.88945,1573,0,0
RD-0096,Jl. Segment 96,Senen,-6.251275,106.7402,-6.263058,106.736979,6626,1,0
RD-0076,Jl. Segment 76,Sudirman,-6.250253,106.967498,-6.268558,106.96282,628,0,0
RD-0048,Jl. Segment 48,Sudirman,-6.190875,106.990832,-6.175762,106.983009,11259,0,0
RD-0064,Jl. Segment 64,Pluit,-6.144983,106.906525,-6.139059,106.921398,1191,0,0
RD-0032,Jl. Segment 32,Blok M,-6.295865,106.703131,-6.303513,106.692182,5245,0,0
RD-0149,Jl. Segment 149,Cakung,-6.265907,106.846878,-6.255413,106.833138,11024,0,1
RD-0125,Jl. Segment 125,Grogol,-6.154622,106.764443,-6.137787,106.781487,17435,0,0
RD-0117,Jl. Segment 117,Senayan,-6.298834,106.97801,-6.3158,106.975265,11527,1,0
RD-0038,Jl. Segment 38,Slipi,-6.255654,106.865781,-6.267243,106.868851,7220,1,0
RD-0168,Jl. Segment 168,Blok M,-6.176148,106.869758,-6.165227,106.874954,2613,0,0
RD-0196,Jl. Segment 196,Menteng,-6.233388,106.770735,-6.214167,106.752713,2141,0,1
RD-0103,Jl. Segment 103,Menteng,-6.260284,106.793636,-6.274171,106.801387,1966,0,1
RD-0005,Jl. Segment 5,Sudirman,-6.34976,106.861835,-6.341074,106.856648,7850,1,0
RD-0171,Jl. Segment 171,Kuningan,-6.159676,106.925389,-6.169217,106.942012,1366,0,0
RD-0108,Jl. Segment 108,Depok,-6.200129,106.855835,-6.197016,106.851585,8627,1,0
RD-0052,Jl. Segment 52,Kuningan,-6.229081,106.803191,-6.235803,106.821158,4353,0,1
RD-0104,Jl. Segment 104,Depok,-6.197976,106.951912,-6.188277,106.932685,2768,0,0
RD-0039,Jl. Segment 39,Cawang,-6.20822,106.765446,-6.225599,106.750115,735,0,0
RD-0034,Jl. Segment 34,Bekasi,-6.307676,106.977854,-6.306204,106.963399,8548,0,1
RD-0059,Jl. Segment 59,Kelapa Gading,-6.113926,106.836515,-6.109108,106.845549,4969,0,0
RD-0125,Jl. Segment 125,Grogol,-6.154622,106.764443,-6.137787,106.781487,15609,0,0
RD-0068,Jl. Segment 68,Cibubur,-6.294868,106.911435,-6.279477,106.899857,1942,0,0
RD-0070,Jl. Segment 70,Depok,-6.174122,106.991179,-6.180048,107.004336,3719,0,0
RD-0089,Jl. Segment 89,PIK,-6.266859,106.896555,-6.256612,106.91059,531,0,1
RD-0197,Jl. Segment 197,Cibubur,-6.227477,106.949193,-6.208348,106.961205,6074,1,0
RD-0047,Jl. Segment 47,PIK,-6.253993,106.985657,-6.251372,106.985207,2586,0,1
RD-0199,Jl. Segment 199,Cawang,-6.199783,106.954992,-6.216635,106.95667,7424,0,0
RD-0096,Jl. Segment 96,Senen,-6.251275,106.7402,-6.263058,106.736979,6547,1,0
RD-0122,Jl. Segment 122,Pluit,-6.113802,106.866518,-6.101923,106.882438,4232,0,1
RD-0032,Jl. Segment 32,Blok M,-6.295865,106.703131,-6.303513,106.692182,6142,0,0
RD-0195,Jl. Segment 195,Kelapa Gading,-6.114807,106.862922,-6.130317,106.882122,11685,0,0
RD-0081,Jl. Segment 81,Sudirman,-6.124581,106.806052,-6.134557,106.80994,5824,0,1
RD-0053,Jl. Segment 53,Blok M,-6.265586,106.820777,-6.248516,106.822925,1395,0,1
RD-0051,Jl. Segment 51,Kelapa Gading,-6.14526,106.981656,-6.163189,106.972645,9578,0,0
RD-0133,Jl. Segment 133,Senen,-6.17707,106.779685,-6.180622,106.785218,13031,1,1
RD-0064,Jl. Segment 64,Pluit,-6.144983,106.906525,-6.139059,106.921398,1160,0,0
RD-0050,Jl. Segment 50,Senen,-6.289013,106.84468,-6.294917,106.858594,10036,0,0
RD-0040,Jl. Segment 40,Senen,-6.31123,106.808039,-6.300634,106.817792,3851,1,0
RD-0175,Jl. Segment 175,Kemang,-6.140247,106.809493,-6.136517,106.818214,7984,1,1
RD-0137,Jl. Segment 137,Bekasi,-6.240589,106.743749,-6.227502,106.751237,604,0,0
RD-0179,Jl. Segment 179,Mangga Dua,-6.182548,106.959081,-6.197524,106.972516,2948,0,0
RD-0016,Jl. Segment 16,Cawang,-6.236674,106.859437,-6.238663,106.864009,2446,0,0
RD-0137,Jl. Segment 137,Bekasi,-6.240589,106.743749,-6.227502,106.751237,511,0,0
RD-0146,Jl. Segment 146,Mangga Dua,-6.27297,106.939569,-6.274926,106.923302,4176,0,1
RD-0151,Jl. Segment 151,Kelapa Gading,-6.345451,106.935468,-6.350646,106.953466,820,0,1
RD-0118,Jl. Segment 118,Menteng,-6.177667,106.941969,-6.161197,106.953914,14784,1,0
RD-0074,Jl. Segment 74,Sunter,-6.270629,106.975717,-6.280447,106.95679,14976,0,0
RD-0186,Jl. Segment 186,Kemang,-6.206924,106.99838,-6.219062,106.981287,667,0,1
RD-0106,Jl. Segment 106,Pluit,-6.298551,106.832264,-6.298378,106.832858,635,0,1
RD-0111,Jl. Segment 111,Mangga Dua,-6.318615,106.834884,-6.300901,106.847984,952,0,1
RD-0191,Jl. Segment 191,Sudirman,-6.255355,106.929019,-6.247493,106.938964,994,0,0
RD-0084,Jl. Segment 84,Cakung,-6.112149,106.862129,-6.117636,106.867166,10837,1,0
RD-0097,Jl. Segment 97,Kelapa Gading,-6.227854,106.904691,-6.229289,106.890604,10038,0,0
RD-0044,Jl. Segment 44,Blok M,-6.229034,106.831505,-6.209939,106.835268,6566,0,0
RD-0033,Jl. Segment 33,Cawang,-6.133781,106.923052,-6.130973,106.912178,9691,1,1
RD-0027,Jl. Segment 27,Bekasi,-6.331469,106.820205,-6.331732,106.833046,8641,1,0
RD-0137,Jl. Segment 137,Bekasi,-6.240589,106.743749,-6.227502,106.751237,509,0,0
RD-0077,Jl. Segment 77,Sudirman,-6.257631,106.942792,-6.257197,106.929462,6498,0,0
RD-0139,Jl. Segment 139,PIK,-6.228993,106.957449,-6.217234,106.953323,10937,0,0
RD-0041,Jl. Segment 41,Depok,-6.103,106.968562,-6.08808,106.962212,1447,0,1
RD-0035,Jl. Segment 35,Bekasi,-6.211326,106.908637,-6.207009,106.918927,13710,0,0
RD-0061,Jl. Segment 61,Kuningan,-6.119442,106.741716,-6.099976,106.730684,742,0,1
RD-0138,Jl. Segment 138,Senen,-6.340068,106.862903,-6.350709,106.870282,6650,0,0
RD-0071,Jl. Segment 71,Depok,-6.342626,106.782702,-6.354592,106.783374,8015,0,0
RD-0087,Jl. Segment 87,Sudirman,-6.29308,106.848848,-6.28077,106.843065,799,0,1
RD-0199,Jl. Segment 199,Cawang,-6.199783,106.954992,-6.216635,106.95667,7308,0,0
RD-0020,Jl. Segment 20,Mangga Dua,-6.257387,106.867806,-6.276099,106.856642,4391,0,1
RD-0057,Jl. Segment 57,Kelapa Gading,-6.101649,106.907809,-6.112092,106.907348,1234,0,1
RD-0130,Jl. Segment 130,Mangga Dua,-6.149785,106.76061,-6.146949,106.773666,4233,0,0
RD-0069,Jl. Segment 69,Senen,-6.199777,106.821613,-6.190666,106.839249,8386,0,1
RD-0169,Jl. Segment 169,Cibubur,-6.164967,106.861978,-6.164988,106.85901,1586,0,1
RD-0082,Jl. Segment 82,Senayan,-6.288364,106.817472,-6.278796,106.813958,2952,0,1
RD-0062,Jl. Segment 62,Cibubur,-6.199883,106.73594,-6.214523,106.718587,14727,0,0
RD-0199,Jl. Segment 199,Cawang,-6.199783,106.954992,-6.216635,106.95667,6593,0,0
RD-0126,Jl. Segment 126,Menteng,-6.172951,106.764753,-6.153578,106.765922,1030,0,1
RD-0098,Jl. Segment 98,Senayan,-6.336696,106.99309,-6.348823,107.011265,1041,0,1
RD-0147,Jl. Segment 147,Kelapa Gading,-6.199374,106.922984,-6.214109,106.908526,5881,0,0
RD-0088,Jl. Segment 88,Cibubur,-6.195809,106.784934,-6.210423,106.776801,9270,0,1
RD-0151,Jl. Segment 151,Kelapa Gading,-6.345451,106.935468,-6.350646,106.953466,964,0,1
RD-0044,Jl. Segment 44,Blok M,-6.229034,106.831505,-6.209939,106.835268,6442,0,0
RD-0053,Jl. Segment 53,Blok M,-6.265586,106.820777,-6.248516,106.822925,1179,0,1
RD-0017,Jl. Segment 17,Sunter,-6.131182,106.871686,-6.120366,106.882082,1540,0,0
RD-0056,Jl. Segment 56,Kuningan,-6.126174,106.845759,-6.128503,106.844642,713,0,1
RD-0124,Jl. Segment 124,Sudirman,-6.148069,106.991064,-6.167257,106.989665,4160,0,1
RD-0150,Jl. Segment 150,Cawang,-6.144809,106.984377,-6.143922,106.98842,1147,0,1
RD-0044,Jl. Segment 44,Blok M,-6.229034,106.831505,-6.209939,106.835268,7107,0,0
RD-0169,Jl. Segment 169,Cibubur,-6.164967,106.861978,-6.164988,106.85901,1615,0,1
RD-0071,Jl. Segment 71,Depok,-6.342626,106.782702,-6.354592,106.783374,8699,0,0
RD-0166,Jl. Segment 166,Grogol,-6.28512,106.733146,-6.284932,106.741688,528,0,0
RD-0060,Jl. Segment 60,Kelapa Gading,-6.341224,106.83104,-6.344775,106.846195,1563,0,0
RD-0018,Jl. Segment 18,Depok,-6.155299,106.704811,-6.1648,106.717272,1329,0,1
RD-0144,Jl. Segment 144,Kemang,-6.27231,106.761228,-6.287075,106.775563,6786,0,0
RD-0159,Jl. Segment 159,Senen,-6.255875,106.993378,-6.250728,106.987002,9405,0,0
RD-0027,Jl. Segment 27,Bekasi,-6.331469,106.820205,-6.331732,106.833046,9219,1,0
RD-0040,Jl. Segment 40,Senen,-6.31123,106.808039,-6.300634,106.817792,3875,1,0
RD-0064,Jl. Segment 64,Pluit,-6.144983,106.906525,-6.139059,106.921398,1201,0,0
RD-0149,Jl. Segment 149,Cakung,-6.265907,106.846878,-6.255413,106.833138,9305,0,1
RD-0151,Jl. Segment 151,Kelapa Gading,-6.345451,106.935468,-6.350646,106.953466,950,0,1
RD-0188,Jl. Segment 188,Slipi,-6.347314,106.738856,-6.343721,106.747952,9872,1,0
RD-0178,Jl. Segment 178,Sudirman,-6.247374,106.87421,-6.266898,106.88945,1613,0,0
RD-0101,Jl. Segment 101,Bekasi,-6.10603,106.90587,-6.120006,106.892223,11731,1,0
RD-0028,Jl. Segment 28,Mangga Dua,-6.157486,106.795632,-6.17335,106.814874,4542,0,0
RD-0001,Jl. Segment 1,PIK,-6.173938,106.920654,-6.187271,106.937674,10572,0,0
RD-0063,Jl. Segment 63,Depok,-6.267911,106.948252,-6.250185,106.948383,12863,1,1
RD-0169,Jl. Segment 169,Cibubur,-6.164967,106.861978,-6.164988,106.85901,1598,0,1
RD-0187,Jl. Segment 187,Mangga Dua,-6.328391,106.838454,-6.346273,106.828599,9684,0,0
RD-0093,Jl. Segment 93,Cakung,-6.207902,106.830518,-6.214711,106.811095,1432,0,1
RD-0037,Jl. Segment 37,Bekasi,-6.237178,106.966539,-6.220745,106.968809,8133,0,0
RD-0064,Jl. Segment 64,Pluit,-6.144983,106.906525,-6.139059,106.921398,1218,0,0
RD-0076,Jl. Segment 76,Sudirman,-6.250253,106.967498,-6.268558,106.96282,621,0,0
RD-0111,Jl. Segment 111,Mangga Dua,-6.318615,106.834884,-6.300901,106.847984,846,0,1
RD-0051,Jl. Segment 51,Kelapa Gading,-6.14526,106.981656,-6.163189,106.972645,10658,0,0
RD-0136,Jl. Segment 136,Mangga Dua,-6.278069,106.71538,-6.261334,106.709075,788,0,0
RD-0178,Jl. Segment 178,Sudirman,-6.247374,106.87421,-6.266898,106.88945,1532,0,0
RD-0083,Jl. Segment 83,Cakung,-6.306966,106.707473,-6.300107,106.726683,1589,0,1
RD-0130,Jl. Segment 130,Mangga Dua,-6.149785,106.76061,-6.146949,106.773666,3623,0,0
RD-0050,Jl. Segment 50,Senen,-6.289013,106.84468,-6.294917,106.858594,8727,0,0
RD-0041,Jl. Segment 41,Depok,-6.103,106.968562,-6.08808,106.962212,1530,0,1
RD-0109,Jl. Segment 109,PIK,-6.273665,106.951304,-6.265464,106.966282,1590,0,0
RD-0047,Jl. Segment 47,PIK,-6.253993,106.985657,-6.251372,106.985207,2426,0,1
RD-0188,Jl. Segment 188,Slipi,-6.347314,106.738856,-6.343721,106.747952,8441,1,0
RD-0074,Jl. Segment 74,Sunter,-6.270629,106.975717,-6.280447,106.95679,15154,0,0
RD-0079,Jl. Segment 79,PIK,-6.150981,106.899315,-6.141078,106.881524,2323,0,0
RD-0111,Jl. Segment 111,Mangga Dua,-6.318615,106.834884,-6.300901,106.847984,780,0,1
RD-0096,Jl. Segment 96,Senen,-6.251275,106.7402,-6.263058,106.736979,6339,1,0
RD-0033,Jl. Segment 33,Cawang,-6.133781,106.923052,-6.130973,106.912178,10486,1,1
RD-0120,Jl. Segment 120,Kuningan,-6.344264,106.916692,-6.363767,106.905226,3020,0,1
RD-0017,Jl. Segment 17,Sunter,-6.131182,106.871686,-6.120366,106.882082,2047,0,0
RD-0150,Jl. Segment 150,Cawang,-6.144809,106.984377,-6.143922,106.98842,1084,0,1
RD-0172,Jl. Segment 172,Bekasi,-6.154833,106.865005,-6.152526,106.876233,7225,0,1
RD-0059,Jl. Segment 59,Kelapa Gading,-6.113926,106.836515,-6.109108,106.845549,5427,0,0
RD-0022,Jl. Segment 22,Blok M,-6.328966,106.707738,-6.311757,106.692739,6079,1,0
RD-0178,Jl. Segment 178,Sudirman,-6.247374,106.87421,-6.266898,106.88945,1879,0,0
RD-0192,Jl. Segment 192,Mangga Dua,-6.203036,106.907293,-6.190853,106.893292,621,0,1
RD-0093,Jl. Segment 93,Cakung,-6.207902,106.830518,-6.214711,106.811095,1481,0,1
RD-0052,Jl. Segment 52,Kuningan,-6.229081,106.803191,-6.235803,106.821158,4424,0,1
RD-0098,Jl. Segment 98,Senayan,-6.336696,106.99309,-6.348823,107.011265,1164,0,1
RD-0009,Jl. Segment 9,Kelapa Gading,-6.303765,106.787068,-6.298471,106.802574,10459,1,0
RD-0108,Jl. Segment 108,Depok,-6.200129,106.855835,-6.197016,106.851585,8925,1,0
RD-0087,Jl. Segment 87,Sudirman,-6.29308,106.848848,-6.28077,106.843065,772,0,1
RD-0089,Jl. Segment 89,PIK,-6.266859,106.896555,-6.256612,106.91059,468,0,1
RD-0112,Jl. Segment 112,Kuningan,-6.183708,106.924539,-6.190022,106.915338,690,0,1
RD-0140,Jl. Segment 140,Cawang,-6.122682,106.788572,-6.112428,106.805151,929,0,0
RD-0002,Jl. Segment 2,Depok,-6.248396,106.768647,-6.24622,106.771962,7107,0,0
RD-0172,Jl. Segment 172,Bekasi,-6.154833,106.865005,-6.152526,106.876233,6801,0,1
RD-0198,Jl. Segment 198,Blok M,-6.342497,106.74193,-6.348195,106.730341,1258,0,0
RD-0060,Jl. Segment 60,Kelapa Gading,-6.341224,106.83104,-6.344775,106.846195,1210,0,0
RD-0064,Jl. Segment 64,Pluit,-6.144983,106.906525,-6.139059,106.921398,1149,0,0
RD-0136,Jl. Segment 136,Mangga Dua,-6.278069,106.71538,-6.261334,106.709075,896,0,0
RD-0081,Jl. Segment 81,Sudirman,-6.124581,106.806052,-6.134557,106.80994,5296,0,1
RD-0106,Jl. Segment 106,Pluit,-6.298551,106.832264,-6.298378,106.832858,615,0,1
RD-0093,Jl. Segment 93,Cakung,-6.207902,106.830518,-6.214711,106.811095,1353,0,1
RD-0123,Jl. Segment 123,Sunter,-6.123726,106.96898,-6.116991,106.952577,722,0,1
RD-0146,Jl. Segment 146,Mangga Dua,-6.27297,106.939569,-6.274926,106.923302,3540,0,1
RD-0166,Jl. Segment 166,Grogol,-6.28512,106.733146,-6.284932,106.741688,606,0,0
RD-0058,Jl. Segment 58,Pluit,-6.133348,106.85001,-6.129656,106.852343,751,0,1
RD-0160,Jl. Segment 160,Senayan,-6.247096,106.782557,-6.246512,106.781276,6555,0,0
RD-0035,Jl. Segment 35,Bekasi,-6.211326,106.908637,-6.207009,106.918927,12491,0,0
RD-0043,Jl. Segment 43,Menteng,-6.208711,106.921881,-6.19412,106.919037,5773,0,0
RD-0049,Jl. Segment 49,PIK,-6.104959,106.888168,-6.099909,106.876058,5371,1,1
RD-0037,Jl. Segment 37,Bekasi,-6.237178,106.966539,-6.220745,106.968809,9028,0,0
RD-0023,Jl. Segment 23,Kuningan,-6.119639,106.708231,-6.115076,106.718312,7893,0,0
RD-0020,Jl. Segment 20,Mangga Dua,-6.257387,106.867806,-6.276099,106.856642,3931,0,1
RD-0096,Jl. Segment 96,Senen,-6.251275,106.7402,-6.263058,106.736979,5750,1,0
RD-0146,Jl. Segment 146,Mangga Dua,-6.27297,106.939569,-6.274926,106.923302,3722,0,1
RD-0046,Jl. Segment 46,Grogol,-6.306051,106.807472,-6.29542,106.826816,1824,0,0
RD-0073,Jl. Segment 73,Menteng,-6.210248,106.992234,-6.226769,106.997742,8450,0,0
RD-0038,Jl. Segment 38,Slipi,-6.255654,106.865781,-6.267243,106.868851,7084,1,0
RD-0010,Jl. Segment 10,PIK,-6.160512,106.968443,-6.148262,106.96569,739,0,1
RD-0150,Jl. Segment 150,Cawang,-6.144809,106.984377,-6.143922,106.98842,1426,0,1
RD-0165,Jl. Segment 165,Cibubur,-6.194788,106.799688,-6.192493,106.80675,2461,0,1
RD-0168,Jl. Segment 168,Blok M,-6.176148,106.869758,-6.165227,106.874954,2973,0,0
RD-0084,Jl. Segment 84,Cakung,-6.112149,106.862129,-6.117636,106.867166,11300,1,0
RD-0091,Jl. Segment 91,PIK,-6.204771,106.895442,-6.220532,106.890538,721,0,0
RD-0037,Jl. Segment 37,Bekasi,-6.237178,106.966539,-6.220745,106.968809,8776,0,0
RD-0041,Jl. Segment 41,Depok,-6.103,106.968562,-6.08808,106.962212,1627,0,1
RD-0103,Jl. Segment 103,Menteng,-6.260284,106.793636,-6.274171,106.801387,2223,0,1
RD-0020,Jl. Segment 20,Mangga Dua,-6.257387,106.867806,-6.276099,106.856642,4851,0,1
RD-0185,Jl. Segment 185,Slipi,-6.226616,106.802094,-6.213522,106.80055,577,0,1
RD-0137,Jl. Segment 137,Bekasi,-6.240589,106.743749,-6.227502,106.751237,456,0,0
RD-0125,Jl. Segment 125,Grogol,-6.154622,106.764443,-6.137787,106.781487,17844,0,0
RD-0118,Jl. Segment 118,Menteng,-6.177667,106.941969,-6.161197,106.953914,15171,1,0
RD-0050,Jl. Segment 50,Senen,-6.289013,106.84468,-6.294917,106.858594,10727,0,0
RD-0052,Jl. Segment 52,Kuningan,-6.229081,106.803191,-6.235803,106.821158,3955,0,1
RD-0116,Jl. Segment 116,Kuningan,-6.141396,106.887696,-6.130882,106.90634,4133,0,1
RD-0156,Jl. Segment 156,Kuningan,-6.221012,106.987461,-6.22253,106.97259,1825,0,1
RD-0196,Jl. Segment 196,Menteng,-6.233388,106.770735,-6.214167,106.752713,2411,0,1
RD-0080,Jl. Segment 80,Mangga Dua,-6.213804,106.91458,-6.211222,106.928164,4105,0,1
RD-0131,Jl. Segment 131,Depok,-6.102745,106.901649,-6.12177,106.914168,3635,0,0
RD-0023,Jl. Segment 23,Kuningan,-6.119639,106.708231,-6.115076,106.718312,8308,0,0
RD-0006,Jl. Segment 6,Senayan,-6.210781,106.96127,-6.224882,106.955449,474,0,1
RD-0134,Jl. Segment 134,Mangga Dua,-6.153774,106.934111,-6.171932,106.925736,18557,1,0
RD-0102,Jl. Segment 102,Depok,-6.148128,106.978344,-6.143584,106.984453,1243,0,0
RD-0094,Jl. Segment 94,Cawang,-6.277778,106.925251,-6.285175,106.91144,9326,0,1
RD-0141,Jl. Segment 141,Senen,-6.267277,106.929729,-6.276074,106.926024,6658,1,0
RD-0135,Jl. Segment 135,Senayan,-6.233788,106.838651,-6.229607,106.824592,16044,1,0
RD-0114,Jl. Segment 114,Bekasi,-6.230329,106.87947,-6.24776,106.863401,1517,0,0
RD-0045,Jl. Segment 45,Sudirman,-6.24985,106.960055,-6.235029,106.973745,2307,0,1
RD-0006,Jl. Segment 6,Senayan,-6.210781,106.96127,-6.224882,106.955449,523,0,1
RD-0145,Jl. Segment 145,Cakung,-6.115097,106.977685,-6.122293,106.974422,2020,0,0
RD-0198,Jl. Segment 198,Blok M,-6.342497,106.74193,-6.348195,106.730341,1637,0,0
RD-0053,Jl. Segment 53,Blok M,-6.265586,106.820777,-6.248516,106.822925,1367,0,1
RD-0121,Jl. Segment 121,Kuningan,-6.269115,106.804108,-6.283287,106.784845,3667,0,0
RD-0063,Jl. Segment 63,Depok,-6.267911,106.948252,-6.250185,106.948383,12125,1,1
RD-0155,Jl. Segment 155,Senen,-6.295214,106.808284,-6.281736,106.823308,322,0,0
RD-0084,Jl. Segment 84,Cakung,-6.112149,106.862129,-6.117636,106.867166,11675,1,0
RD-0104,Jl. Segment 104,Depok,-6.197976,106.951912,-6.188277,106.932685,3281,0,0
RD-0102,Jl. Segment 102,Depok,-6.148128,106.978344,-6.143584,106.984453,1296,0,0
RD-0154,Jl. Segment 154,Cawang,-6.207133,106.919794,-6.221948,106.902872,1853,0,1
RD-0126,Jl. Segment 126,Menteng,-6.172951,106.764753,-6.153578,106.765922,1125,0,1
RD-0037,Jl. Segment 37,Bekasi,-6.237178,106.966539,-6.220745,106.968809,9907,0,0
RD-0144,Jl. Segment 144,Kemang,-6.27231,106.761228,-6.287075,106.775563,6950,0,0
RD-0019,Jl. Segment 19,Depok,-6.337315,106.916754,-6.331825,106.901584,11877,0,0
RD-0023,Jl. Segment 23,Kuningan,-6.119639,106.708231,-6.115076,106.718312,8546,0,0
RD-0094,Jl. Segment 94,Cawang,-6.277778,106.925251,-6.285175,106.91144,9453,0,1
RD-0015,Jl. Segment 15,Mangga Dua,-6.274661,106.903859,-6.254667,106.906236,1083,0,1
RD-0065,Jl. Segment 65,Grogol,-6.119605,106.75913,-6.120164,106.768187,6719,1,0
RD-0198,Jl. Segment 198,Blok M,-6.342497,106.74193,-6.348195,106.730341,1325,0,0
RD-0088,Jl. Segment 88,Cibubur,-6.195809,106.784934,-6.210423,106.776801,10173,0,1
RD-0034,Jl. Segment 34,Bekasi,-6.307676,106.977854,-6.306204,106.963399,9946,0,1
RD-0103,Jl. Segment 103,Menteng,-6.260284,106.793636,-6.274171,106.801387,2405,0,1
RD-0072,Jl. Segment 72,Menteng,-6.274204,106.980918,-6.289211,106.971776,11799,0,1
RD-0097,Jl. Segment 97,Kelapa Gading,-6.227854,106.904691,-6.229289,106.890604,8827,0,0
RD-0083,Jl. Segment 83,Cakung,-6.306966,106.707473,-6.300107,106.726683,1653,0,1
RD-0080,Jl. Segment 80,Mangga Dua,-6.213804,106.91458,-6.211222,106.928164,4172,0,1
RD-0157,Jl. Segment 157,Blok M,-6.332067,106.899775,-6.340955,106.881408,1000,0,0
RD-0149,Jl. Segment 149,Cakung,-6.265907,106.846878,-6.255413,106.833138,11486,0,1
RD-0091,Jl. Segment 91,PIK,-6.204771,106.895442,-6.220532,106.890538,679,0,0
RD-0007,Jl. Segment 7,Menteng,-6.313205,106.892955,-6.306143,106.886125,2061,0,0
RD-0167,Jl. Segment 167,Bekasi,-6.275343,106.917773,-6.262175,106.900831,937,0,0
RD-0153,Jl. Segment 153,Cibubur,-6.194738,106.891756,-6.21365,106.909813,943,0,0
RD-0135,Jl. Segment 135,Senayan,-6.233788,106.838651,-6.229607,106.824592,14225,1,0
RD-0172,Jl. Segment 172,Bekasi,-6.154833,106.865005,-6.152526,106.876233,8520,0,1
RD-0186,Jl. Segment 186,Kemang,-6.206924,106.99838,-6.219062,106.981287,761,0,1
RD-0150,Jl. Segment 150,Cawang,-6.144809,106.984377,-6.143922,106.98842,1164,0,1
RD-0086,Jl. Segment 86,Senayan,-6.285388,106.723021,-6.268295,106.710876,1415,0,1
RD-0106,Jl. Segment 106,Pluit,-6.298551,106.832264,-6.298378,106.832858,633,0,1
RD-0165,Jl. Segment 165,Cibubur,-6.194788,106.799688,-6.192493,106.80675,2395,0,1
RD-0064,Jl. Segment 64,Pluit,-6.144983,106.906525,-6.139059,106.921398,1289,0,0
RD-0105,Jl. Segment 105,Menteng,-6.327645,106.88088,-6.341975,106.900127,1088,0,0
RD-0005,Jl. Segment 5,Sudirman,-6.34976,106.861835,-6.341074,106.856648,7108,1,0
RD-0055,Jl. Segment 55,PIK,-6.158559,106.964674,-6.168304,106.978782,492,0,0
RD-0163,Jl. Segment 163,Mangga Dua,-6.209716,106.916137,-6.212229,106.924938,18850,1,0
RD-0123,Jl. Segment 123,Sunter,-6.123726,106.96898,-6.116991,106.952577,619,0,1
RD-0112,Jl. Segment 112,Kuningan,-6.183708,106.924539,-6.190022,106.915338,812,0,1
RD-0040,Jl. Segment 40,Senen,-6.31123,106.808039,-6.300634,106.817792,3339,1,0
RD-0191,Jl. Segment 191,Sudirman,-6.255355,106.929019,-6.247493,106.938964,823,0,0
RD-0086,Jl. Segment 86,Senayan,-6.285388,106.723021,-6.268295,106.710876,1169,0,1
RD-0002,Jl. Segment 2,Depok,-6.248396,106.768647,-6.24622,106.771962,6296,0,0
RD-0180,Jl. Segment 180,Sunter,-6.282284,106.834397,-6.262706,106.820067,16736,1,0
RD-0046,Jl. Segment 46,Grogol,-6.306051,106.807472,-6.29542,106.826816,1790,0,0
RD-0157,Jl. Segment 157,Blok M,-6.332067,106.899775,-6.340955,106.881408,899,0,0
RD-0024,Jl. Segment 24,Menteng,-6.106264,106.860745,-6.1089,106.8777,20834,0,0
RD-0165,Jl. Segment 165,Cibubur,-6.194788,106.799688,-6.192493,106.80675,2282,0,1
RD-0082,Jl. Segment 82,Senayan,-6.288364,106.817472,-6.278796,106.813958,3107,0,1
RD-0093,Jl. Segment 93,Cakung,-6.207902,106.830518,-6.214711,106.811095,1469,0,1
RD-0092,Jl. Segment 92,Kemang,-6.104212,106.830264,-6.096878,106.818187,3985,0,1
RD-0107,Jl. Segment 107,Mangga Dua,-6.258611,106.892297,-6.251502,106.908873,6279,1,1
RD-0167,Jl. Segment 167,Bekasi,-6.275343,106.917773,-6.262175,106.900831,886,0,0
RD-0075,Jl. Segment 75,Depok,-6.295411,106.821601,-6.285403,106.807202,3105,0,0
RD-0027,Jl. Segment 27,Bekasi,-6.331469,106.820205,-6.331732,106.833046,7518,1,0
RD-0191,Jl. Segment 191,Sudirman,-6.255355,106.929019,-6.247493,106.938964,928,0,0
RD-0034,Jl. Segment 34,Bekasi,-6.307676,106.977854,-6.306204,106.963399,8438,0,1
RD-0131,Jl. Segment 131,Depok,-6.102745,106.901649,-6.12177,106.914168,3245,0,0
RD-0188,Jl. Segment 188,Slipi,-6.347314,106.738856,-6.343721,106.747952,9921,1,0
RD-0058,Jl. Segment 58,Pluit,-6.133348,106.85001,-6.129656,106.852343,727,0,1
RD-0167,Jl. Segment 167,Bekasi,-6.275343,106.917773,-6.262175,106.900831,802,0,0
RD-0128,Jl. Segment 128,PIK,-6.34636,106.780884,-6.344607,106.768011,1264,0,0
RD-0127,Jl. Segment 127,Grogol,-6.329858,106.887392,-6.337049,106.903885,914,0,0
RD-0020,Jl. Segment 20,Mangga Dua,-6.257387,106.867806,-6.276099,106.856642,5002,0,1
RD-0182,Jl. Segment 182,PIK,-6.104177,106.76465,-6.103834,106.773412,1273,0,1
RD-0083,Jl. Segment 83,Cakung,-6.306966,106.707473,-6.300107,106.726683,1925,0,1
RD-0123,Jl. Segment 123,Sunter,-6.123726,106.96898,-6.116991,106.952577,775,0,1
RD-0009,Jl. Segment 9,Kelapa Gading,-6.303765,106.787068,-6.298471,106.802574,13820,1,0
RD-0012,Jl. Segment 12,Pluit,-6.269852,106.777147,-6.275032,106.762697,10966,1,0
RD-0170,Jl. Segment 170,Tangerang,-6.24872,106.893966,-6.260026,106.882816,1160,0,1
RD-0187,Jl. Segment 187,Mangga Dua,-6.328391,106.838454,-6.346273,106.828599,7692,0,0
RD-0152,Jl. Segment 152,Grogol,-6.267833,106.747978,-6.269825,106.756532,2883,0,1
RD-0028,Jl. Segment 28,Mangga Dua,-6.157486,106.795632,-6.17335,106.814874,3862,0,0
RD-0187,Jl. Segment 187,Mangga Dua,-6.328391,106.838454,-6.346273,106.828599,7934,0,0
RD-0116,Jl. Segment 116,Kuningan,-6.141396,106.887696,-6.130882,106.90634,5077,0,1
RD-0061,Jl. Segment 61,Kuningan,-6.119442,106.741716,-6.099976,106.730684,860,0,1
RD-0145,Jl. Segment 145,Cakung,-6.115097,106.977685,-6.122293,106.974422,1805,0,0
RD-0005,Jl. Segment 5,Sudirman,-6.34976,106.861835,-6.341074,106.856648,7935,1,0
RD-0048,Jl. Segment 48,Sudirman,-6.190875,106.990832,-6.175762,106.983009,12604,0,0
RD-0077,Jl. Segment 77,Sudirman,-6.257631,106.942792,-6.257197,106.929462,6983,0,0
RD-0119,Jl. Segment 119,Grogol,-6.239041,106.856741,-6.23423,106.850633,799,0,0
RD-0190,Jl. Segment 190,PIK,-6.317618,106.899834,-6.308081,106.910626,826,0,1
RD-0099,Jl. Segment 99,Senen,-6.14518,106.79882,-6.158564,106.811959,10804,1,0
RD-0024,Jl. Segment 24,Menteng,-6.106264,106.860745,-6.1089,106.8777,21875,0,0
RD-0106,Jl. Segment 106,Pluit,-6.298551,106.832264,-6.298378,106.832858,475,0,1
RD-0148,Jl. Segment 148,Menteng,-6.107267,106.727882,-6.087672,106.739956,5863,1,0
RD-0098,Jl. Segment 98,Senayan,-6.336696,106.99309,-6.348823,107.011265,939,0,1
RD-0032,Jl. Segment 32,Blok M,-6.295865,106.703131,-6.303513,106.692182,5266,0,0
RD-0082,Jl. Segment 82,Senayan,-6.288364,106.817472,-6.278796,106.813958,3899,0,1
RD-0188,Jl. Segment 188,Slipi,-6.347314,106.738856,-6.343721,106.747952,9236,1,0
RD-0129,Jl. Segment 129,Cibubur,-6.148763,106.732101,-6.15948,106.721574,15167,1,0
RD-0009,Jl. Segment 9,Kelapa Gading,-6.303765,106.787068,-6.298471,106.802574,10806,1,0
RD-0113,Jl. Segment 113,Grogol,-6.140164,106.714297,-6.124552,106.725779,1669,0,0
RD-0139,Jl. Segment 139,PIK,-6.228993,106.957449,-6.217234,106.953323,10644,0,0
RD-0009,Jl. Segment 9,Kelapa Gading,-6.303765,106.787068,-6.298471,106.802574,13644,1,0
RD-0100,Jl. Segment 100,Menteng,-6.118532,106.874538,-6.123287,106.888525,8366,0,0
RD-0105,Jl. Segment 105,Menteng,-6.327645,106.88088,-6.341975,106.900127,1150,0,0
RD-0175,Jl. Segment 175,Kemang,-6.140247,106.809493,-6.136517,106.818214,8298,1,1
RD-0036,Jl. Segment 36,Sunter,-6.195703,106.716284,-6.187617,106.71743,9047,0,0
RD-0055,Jl. Segment 55,PIK,-6.158559,106.964674,-6.168304,106.978782,431,0,0
RD-0050,Jl. Segment 50,Senen,-6.289013,106.84468,-6.294917,106.858594,9731,0,0
RD-0109,Jl. Segment 109,PIK,-6.273665,106.951304,-6.265464,106.966282,1924,0,0
RD-0007,Jl. Segment 7,Menteng,-6.313205,106.892955,-6.306143,106.886125,2257,0,0
RD-0099,Jl. Segment 99,Senen,-6.14518,106.79882,-6.158564,106.811959,12772,1,0
RD-0096,Jl. Segment 96,Senen,-6.251275,106.7402,-6.263058,106.736979,5518,1,0
RD-0050,Jl. Segment 50,Senen,-6.289013,106.84468,-6.294917,106.858594,9455,0,0
RD-0158,Jl. Segment 158,Senen,-6.309833,106.811116,-6.313206,106.798932,1398,0,1
RD-0163,Jl. Segment 163,Mangga Dua,-6.209716,106.916137,-6.212229,106.924938,19394,1,0
RD-0183,Jl. Segment 183,Menteng,-6.289674,106.903684,-6.307746,106.913494,8429,1,1
RD-0119,Jl. Segment 119,Grogol,-6.239041,106.856741,-6.23423,106.850633,702,0,0
RD-0188,Jl. Segment 188,Slipi,-6.347314,106.738856,-6.343721,106.747952,8897,1,0
RD-0098,Jl. Segment 98,Senayan,-6.336696,106.99309,-6.348823,107.011265,989,0,1
RD-0100,Jl. Segment 100,Menteng,-6.118532,106.874538,-6.123287,106.888525,8052,0,0
RD-0014,Jl. Segment 14,Kuningan,-6.219377,106.809475,-6.200861,106.794587,796,0,0
RD-0123,Jl. Segment 123,Sunter,-6.123726,106.96898,-6.116991,106.952577,635,0,1
RD-0141,Jl. Segment 141,Senen,-6.267277,106.929729,-6.276074,106.926024,5931,1,0
RD-0048,Jl. Segment 48,Sudirman,-6.190875,106.990832,-6.175762,106.983009,11120,0,0
RD-0084,Jl. Segment 84,Cakung,-6.112149,106.862129,-6.117636,106.867166,10506,1,0
RD-0187,Jl. Segment 187,Mangga Dua,-6.328391,106.838454,-6.346273,106.828599,7682,0,0
RD-0173,Jl. Segment 173,Senen,-6.198667,106.975505,-6.193383,106.990089,13718,1,0
RD-0195,Jl. Segment 195,Kelapa Gading,-6.114807,106.862922,-6.130317,106.882122,9352,0,0
RD-0160,Jl. Segment 160,Senayan,-6.247096,106.782557,-6.246512,106.781276,6588,0,0
RD-0036,Jl. Segment 36,Sunter,-6.195703,106.716284,-6.187617,106.71743,8808,0,0
RD-0051,Jl. Segment 51,Kelapa Gading,-6.14526,106.981656,-6.163189,106.972645,9427,0,0
RD-0091,Jl. Segment 91,PIK,-6.204771,106.895442,-6.220532,106.890538,617,0,0
RD-0139,Jl. Segment 139,PIK,-6.228993,106.957449,-6.217234,106.953323,8726,0,0
RD-0171,Jl. Segment 171,Kuningan,-6.159676,106.925389,-6.169217,106.942012,1452,0,0
RD-0044,Jl. Segment 44,Blok M,-6.229034,106.831505,-6.209939,106.835268,6452,0,0
RD-0164,Jl. Segment 164,Menteng,-6.174071,106.934802,-6.155716,106.926286,677,0,0
RD-0043,Jl. Segment 43,Menteng,-6.208711,106.921881,-6.19412,106.919037,6161,0,0
RD-0004,Jl. Segment 4,Mangga Dua,-6.112216,106.954036,-6.122268,106.958261,5798,0,1
RD-0094,Jl. Segment 94,Cawang,-6.277778,106.925251,-6.285175,106.91144,12204,0,1
RD-0193,Jl. Segment 193,Tangerang,-6.152353,106.802273,-6.136434,106.794513,4731,0,1
RD-0134,Jl. Segment 134,Mangga Dua,-6.153774,106.934111,-6.171932,106.925736,19140,1,0
RD-0139,Jl. Segment 139,PIK,-6.228993,106.957449,-6.217234,106.953323,9618,0,0
RD-0012,Jl. Segment 12,Pluit,-6.269852,106.777147,-6.275032,106.762697,9397,1,0
RD-0095,Jl. Segment 95,PIK,-6.108713,106.88763,-6.09042,106.896597,1407,0,1
RD-0107,Jl. Segment 107,Mangga Dua,-6.258611,106.892297,-6.251502,106.908873,6057,1,1
RD-0082,Jl. Segment 82,Senayan,-6.288364,106.817472,-6.278796,106.813958,3794,0,1
RD-0194,Jl. Segment 194,Mangga Dua,-6.223036,106.759054,-6.214148,106.753365,23052,1,0
RD-0128,Jl. Segment 128,PIK,-6.34636,106.780884,-6.344607,106.768011,938,0,0
RD-0087,Jl. Segment 87,Sudirman,-6.29308,106.848848,-6.28077,106.843065,725,0,1
RD-0163,Jl. Segment 163,Mangga Dua,-6.209716,106.916137,-6.212229,106.924938,21574,1,0
RD-0143,Jl. Segment 143,Tangerang,-6.102091,106.754647,-6.097287,106.756416,10032,1,0
RD-0112,Jl. Segment 112,Kuningan,-6.183708,106.924539,-6.190022,106.915338,742,0,1
RD-0030,Jl. Segment 30,Sunter,-6.340319,106.750998,-6.352328,106.742079,1113,0,1
RD-0148,Jl. Segment 148,Menteng,-6.107267,106.727882,-6.087672,106.739956,6421,1,0
RD-0170,Jl. Segment 170,Tangerang,-6.24872,106.893966,-6.260026,106.882816,1057,0,1
RD-0065,Jl. Segment 65,Grogol,-6.119605,106.75913,-6.120164,106.768187,6454,1,0
RD-0095,Jl. Segment 95,PIK,-6.108713,106.88763,-6.09042,106.896597,1349,0,1
RD-0099,Jl. Segment 99,Senen,-6.14518,106.79882,-6.158564,106.811959,10871,1,0
RD-0140,Jl. Segment 140,Cawang,-6.122682,106.788572,-6.112428,106.805151,1054,0,0
RD-0120,Jl. Segment 120,Kuningan,-6.344264,106.916692,-6.363767,106.905226,2678,0,1
RD-0022,Jl. Segment 22,Blok M,-6.328966,106.707738,-6.311757,106.692739,7028,1,0
RD-0022,Jl. Segment 22,Blok M,-6.328966,106.707738,-6.311757,106.692739,7183,1,0
RD-0028,Jl. Segment 28,Mangga Dua,-6.157486,106.795632,-6.17335,106.814874,3553,0,0
RD-0125,Jl. Segment 125,Grogol,-6.154622,106.764443,-6.137787,106.781487,17671,0,0
RD-0018,Jl. Segment 18,Depok,-6.155299,106.704811,-6.1648,106.717272,1346,0,1
RD-0169,Jl. Segment 169,Cibubur,-6.164967,106.861978,-6.164988,106.85901,1490,0,1
RD-0080,Jl. Segment 80,Mangga Dua,-6.213804,106.91458,-6.211222,106.928164,3652,0,1
RD-0011,Jl. Segment 11,Menteng,-6.229897,106.715647,-6.215547,106.710705,516,0,0
RD-0178,Jl. Segment 178,Sudirman,-6.247374,106.87421,-6.266898,106.88945,1594,0,0
RD-0197,Jl. Segment 197,Cibubur,-6.227477,106.949193,-6.208348,106.961205,6452,1,0
RD-0014,Jl. Segment 14,Kuningan,-6.219377,106.809475,-6.200861,106.794587,913,0,0
RD-0031,Jl. Segment 31,Bekasi,-6.302765,106.825749,-6.312727,106.836804,4614,0,0
RD-0135,Jl. Segment 135,Senayan,-6.233788,106.838651,-6.229607,106.824592,14424,1,0
RD-0022,Jl. Segment 22,Blok M,-6.328966,106.707738,-6.311757,106.692739,6416,1,0
RD-0081,Jl. Segment 81,Sudirman,-6.124581,106.806052,-6.134557,106.80994,6635,0,1
RD-0146,Jl. Segment 146,Mangga Dua,-6.27297,106.939569,-6.274926,106.923302,3320,0,1
RD-0128,Jl. Segment 128,PIK,-6.34636,106.780884,-6.344607,106.768011,990,0,0
RD-0166,Jl. Segment 166,Grogol,-6.28512,106.733146,-6.284932,106.741688,620,0,0
RD-0071,Jl. Segment 71,Depok,-6.342626,106.782702,-6.354592,106.783374,7400,0,0
RD-0058,Jl. Segment 58,Pluit,-6.133348,106.85001,-6.129656,106.852343,615,0,1
RD-0127,Jl. Segment 127,Grogol,-6.329858,106.887392,-6.337049,106.903885,868,0,0
RD-0030,Jl. Segment 30,Sunter,-6.340319,106.750998,-6.352328,106.742079,1045,0,1
RD-0176,Jl. Segment 176,Cawang,-6.107646,106.773076,-6.090089,106.766676,910,0,1
RD-0185,Jl. Segment 185,Slipi,-6.226616,106.802094,-6.213522,106.80055,692,0,1
RD-0163,Jl. Segment 163,Mangga Dua,-6.209716,106.916137,-6.212229,106.924938,17727,1,0
RD-0023,Jl. Segment 23,Kuningan,-6.119639,106.708231,-6.115076,106.718312,7243,0,0
RD-0108,Jl. Segment 108,Depok,-6.200129,106.855835,-6.197016,106.851585,9100,1,0
RD-0001,Jl. Segment 1,PIK,-6.173938,106.920654,-6.187271,106.937674,12055,0,0
RD-0151,Jl. Segment 151,Kelapa Gading,-6.345451,106.935468,-6.350646,106.953466,722,0,1
RD-0155,Jl. Segment 155,Senen,-6.295214,106.808284,-6.281736,106.823308,310,0,0
RD-0129,Jl. Segment 129,Cibubur,-6.148763,106.732101,-6.15948,106.721574,13516,1,0
RD-0069,Jl. Segment 69,Senen,-6.199777,106.821613,-6.190666,106.839249,8253,0,1
RD-0180,Jl. Segment 180,Sunter,-6.282284,106.834397,-6.262706,106.820067,17419,1,0
RD-0180,Jl. Segment 180,Sunter,-6.282284,106.834397,-6.262706,106.820067,17299,1,0
RD-0152,Jl. Segment 152,Grogol,-6.267833,106.747978,-6.269825,106.756532,2776,0,1
RD-0176,Jl. Segment 176,Cawang,-6.107646,106.773076,-6.090089,106.766676,831,0,1
RD-0192,Jl. Segment 192,Mangga Dua,-6.203036,106.907293,-6.190853,106.893292,681,0,1
RD-0157,Jl. Segment 157,Blok M,-6.332067,106.899775,-6.340955,106.881408,1114,0,0
RD-0074,Jl. Segment 74,Sunter,-6.270629,106.975717,-6.280447,106.95679,17724,0,0
RD-0175,Jl. Segment 175,Kemang,-6.140247,106.809493,-6.136517,106.818214,7978,1,1
RD-0191,Jl. Segment 191,Sudirman,-6.255355,106.929019,-6.247493,106.938964,996,0,0
RD-0115,Jl. Segment 115,Senayan,-6.330012,106.711333,-6.349155,106.727698,661,0,1
RD-0116,Jl. Segment 116,Kuningan,-6.141396,106.887696,-6.130882,106.90634,4070,0,1
RD-0055,Jl. Segment 55,PIK,-6.158559,106.964674,-6.168304,106.978782,480,0,0
RD-0055,Jl. Segment 55,PIK,-6.158559,106.964674,-6.168304,106.978782,432,0,0
RD-0049,Jl. Segment 49,PIK,-6.104959,106.888168,-6.099909,106.876058,5164,1,1
RD-0052,Jl. Segment 52,Kuningan,-6.229081,106.803191,-6.235803,106.821158,4321,0,1
RD-0136,Jl. Segment 136,Mangga Dua,-6.278069,106.71538,-6.261334,106.709075,820,0,0
RD-0052,Jl. Segment 52,Kuningan,-6.229081,106.803191,-6.235803,106.821158,4750,0,1
RD-0105,Jl. Segment 105,Menteng,-6.327645,106.88088,-6.341975,106.900127,975,0,0
RD-0125,Jl. Segment 125,Grogol,-6.154622,106.764443,-6.137787,106.781487,17351,0,0
RD-0192,Jl. Segment 192,Mangga Dua,-6.203036,106.907293,-6.190853,106.893292,700,0,1
RD-0065,Jl. Segment 65,Grogol,-6.119605,106.75913,-6.120164,106.768187,7699,1,0
RD-0125,Jl. Segment 125,Grogol,-6.154622,106.764443,-6.137787,106.781487,15686,0,0
RD-0118,Jl. Segment 118,Menteng,-6.177667,106.941969,-6.161197,106.953914,19597,1,0
RD-0182,Jl. Segment 182,PIK,-6.104177,106.76465,-6.103834,106.773412,1231,0,1
RD-0120,Jl. Segment 120,Kuningan,-6.344264,106.916692,-6.363767,106.905226,2349,0,1
RD-0178,Jl. Segment 178,Sudirman,-6.247374,106.87421,-6.266898,106.88945,1812,0,0
RD-0076,Jl. Segment 76,Sudirman,-6.250253,106.967498,-6.268558,106.96282,691,0,0
RD-0048,Jl. Segment 48,Sudirman,-6.190875,106.990832,-6.175762,106.983009,11122,0,0
RD-0145,Jl. Segment 145,Cakung,-6.115097,106.977685,-6.122293,106.974422,2040,0,0
RD-0167,Jl. Segment 167,Bekasi,-6.275343,106.917773,-6.262175,106.900831,863,0,0
RD-0175,Jl. Segment 175,Kemang,-6.140247,106.809493,-6.136517,106.818214,8470,1,1
RD-0060,Jl. Segment 60,Kelapa Gading,-6.341224,106.83104,-6.344775,106.846195,1286,0,0
RD-0088,Jl. Segment 88,Cibubur,-6.195809,106.784934,-6.210423,106.776801,10338,0,1
RD-0053,Jl. Segment 53,Blok M,-6.265586,106.820777,-6.248516,106.822925,1303,0,1
RD-0026,Jl. Segment 26,Bekasi,-6.234315,106.877826,-6.241356,106.867461,751,0,1
RD-0003,Jl. Segment 3,Tangerang,-6.267631,106.814963,-6.264098,106.831007,1235,0,0
RD-0072,Jl. Segment 72,Menteng,-6.274204,106.980918,-6.289211,106.971776,11102,0,1
RD-0038,Jl. Segment 38,Slipi,-6.255654,106.865781,-6.267243,106.868851,6602,1,0
RD-0010,Jl. Segment 10,PIK,-6.160512,106.968443,-6.148262,106.96569,637,0,1
RD-0011,Jl. Segment 11,Menteng,-6.229897,106.715647,-6.215547,106.710705,602,0,0
RD-0055,Jl. Segment 55,PIK,-6.158559,106.964674,-6.168304,106.978782,480,0,0
RD-0141,Jl. Segment 141,Senen,-6.267277,106.929729,-6.276074,106.926024,6557,1,0
RD-0096,Jl. Segment 96,Senen,-6.251275,106.7402,-6.263058,106.736979,6738,1,0
RD-0005,Jl. Segment 5,Sudirman,-6.34976,106.861835,-6.341074,106.856648,8177,1,0
RD-0193,Jl. Segment 193,Tangerang,-6.152353,106.802273,-6.136434,106.794513,4469,0,1
RD-0103,Jl. Segment 103,Menteng,-6.260284,106.793636,-6.274171,106.801387,2293,0,1
RD-0155,Jl. Segment 155,Senen,-6.295214,106.808284,-6.281736,106.823308,350,0,0
RD-0079,Jl. Segment 79,PIK,-6.150981,106.899315,-6.141078,106.881524,2416,0,0
RD-0114,Jl. Segment 114,Bekasi,-6.230329,106.87947,-6.24776,106.863401,1430,0,0
RD-0128,Jl. Segment 128,PIK,-6.34636,106.780884,-6.344607,106.768011,957,0,0
RD-0105,Jl. Segment 105,Menteng,-6.327645,106.88088,-6.341975,106.900127,970,0,0
RD-0015,Jl. Segment 15,Mangga Dua,-6.274661,106.903859,-6.254667,106.906236,1204,0,1
RD-0070,Jl. Segment 70,Depok,-6.174122,106.991179,-6.180048,107.004336,4076,0,0
RD-0114,Jl. Segment 114,Bekasi,-6.230329,106.87947,-6.24776,106.863401,1444,0,0
RD-0145,Jl. Segment 145,Cakung,-6.115097,106.977685,-6.122293,106.974422,1859,0,0
RD-0006,Jl. Segment 6,Senayan,-6.210781,106.96127,-6.224882,106.955449,425,0,1
RD-0009,Jl. Segment 9,Kelapa Gading,-6.303765,106.787068,-6.298471,106.802574,11934,1,0
RD-0115,Jl. Segment 115,Senayan,-6.330012,106.711333,-6.349155,106.727698,738,0,1
RD-0015,Jl. Segment 15,Mangga Dua,-6.274661,106.903859,-6.254667,106.906236,1390,0,1
RD-0119,Jl. Segment 119,Grogol,-6.239041,106.856741,-6.23423,106.850633,811,0,0
RD-0092,Jl. Segment 92,Kemang,-6.104212,106.830264,-6.096878,106.818187,3953,0,1
RD-0170,Jl. Segment 170,Tangerang,-6.24872,106.893966,-6.260026,106.882816,1164,0,1
RD-0094,Jl. Segment 94,Cawang,-6.277778,106.925251,-6.285175,106.91144,12200,0,1
RD-0048,Jl. Segment 48,Sudirman,-6.190875,106.990832,-6.175762,106.983009,10761,0,0
RD-0074,Jl. Segment 74,Sunter,-6.270629,106.975717,-6.280447,106.95679,18270,0,0
RD-0169,Jl. Segment 169,Cibubur,-6.164967,106.861978,-6.164988,106.85901,1758,0,1
RD-0077,Jl. Segment 77,Sudirman,-6.257631,106.942792,-6.257197,106.929462,6744,0,0
RD-0098,Jl. Segment 98,Senayan,-6.336696,106.99309,-6.348823,107.011265,929,0,1
RD-0082,Jl. Segment 82,Senayan,-6.288364,106.817472,-6.278796,106.813958,3253,0,1
RD-0195,Jl. Segment 195,Kelapa Gading,-6.114807,106.862922,-6.130317,106.882122,10519,0,0
RD-0099,Jl. Segment 99,Senen,-6.14518,106.79882,-6.158564,106.811959,12735,1,0
RD-0189,Jl. Segment 189,Senen,-6.170515,106.801495,-6.182615,106.819482,9849,1,0
RD-0140,Jl. Segment 140,Cawang,-6.122682,106.788572,-6.112428,106.805151,1091,0,0
RD-0016,Jl. Segment 16,Cawang,-6.236674,106.859437,-6.238663,106.864009,2856,0,0
RD-0084,Jl. Segment 84,Cakung,-6.112149,106.862129,-6.117636,106.867166,11886,1,0
RD-0092,Jl. Segment 92,Kemang,-6.104212,106.830264,-6.096878,106.818187,3654,0,1
RD-0026,Jl. Segment 26,Bekasi,-6.234315,106.877826,-6.241356,106.867461,671,0,1
RD-0101,Jl. Segment 101,Bekasi,-6.10603,106.90587,-6.120006,106.892223,14452,1,0
RD-0174,Jl. Segment 174,Slipi,-6.296194,106.855528,-6.289264,106.865941,8720,1,0
RD-0037,Jl. Segment 37,Bekasi,-6.237178,106.966539,-6.220745,106.968809,8862,0,0
RD-0161,Jl. Segment 161,Mangga Dua,-6.178676,106.759649,-6.179708,106.769362,538,0,1
RD-0097,Jl. Segment 97,Kelapa Gading,-6.227854,106.904691,-6.229289,106.890604,9680,0,0
RD-0133,Jl. Segment 133,Senen,-6.17707,106.779685,-6.180622,106.785218,11568,1,1
RD-0013,Jl. Segment 13,Blok M,-6.335083,106.788392,-6.344905,106.788398,13570,0,0
RD-0024,Jl. Segment 24,Menteng,-6.106264,106.860745,-6.1089,106.8777,20473,0,0
RD-0126,Jl. Segment 126,Menteng,-6.172951,106.764753,-6.153578,106.765922,1060,0,1
RD-0134,Jl. Segment 134,Mangga Dua,-6.153774,106.934111,-6.171932,106.925736,18753,1,0
RD-0095,Jl. Segment 95,PIK,-6.108713,106.88763,-6.09042,106.896597,1280,0,1
RD-0091,Jl. Segment 91,PIK,-6.204771,106.895442,-6.220532,106.890538,692,0,0
RD-0042,Jl. Segment 42,Sudirman,-6.343794,106.894,-6.335494,106.88213,9652,0,1
RD-0151,Jl. Segment 151,Kelapa Gading,-6.345451,106.935468,-6.350646,106.953466,740,0,1
RD-0188,Jl. Segment 188,Slipi,-6.347314,106.738856,-6.343721,106.747952,10799,1,0
RD-0028,Jl. Segment 28,Mangga Dua,-6.157486,106.795632,-6.17335,106.814874,3979,0,0
RD-0039,Jl. Segment 39,Cawang,-6.20822,106.765446,-6.225599,106.750115,882,0,0
RD-0025,Jl. Segment 25,Tangerang,-6.213941,106.917911,-6.201336,106.898524,5176,0,1
RD-0051,Jl. Segment 51,Kelapa Gading,-6.14526,106.981656,-6.163189,106.972645,8702,0,0
RD-0155,Jl. Segment 155,Senen,-6.295214,106.808284,-6.281736,106.823308,370,0,0
RD-0093,Jl. Segment 93,Cakung,-6.207902,106.830518,-6.214711,106.811095,1325,0,1
RD-0160,Jl. Segment 160,Senayan,-6.247096,106.782557,-6.246512,106.781276,6764,0,0
