timestamp,date,time,route,latitude,longitude,district,trip_count,passenger_count,reliability_pct,disruption_flag,congestion_level,average_speed_kmh
2024-01-01 00:00:00,2024-01-01,00:00,Jl. Diponegoro - Cikini,-6.190713,106.82378,Kelapa Gading,3,83,88.7,0,Low,80.0
2024-01-01 01:00:00,2024-01-01,01:00,Jl. Alternatif Cibubur - Depok,-6.17444,106.922457,PIK,2,50,92.4,0,Low,80.0
2024-01-01 05:00:00,2024-01-01,05:00,Jl. Proklamasi - Menteng,-6.30321,106.824834,Kuningan,6,143,94.2,0,Low,80.0
2024-01-01 16:00:00,2024-01-01,16:00,Jl. TB Simatupang - Ciracas,-6.228116,106.832055,Mangga Dua,3,87,86.7,0,Low,70.1
2024-01-01 19:00:00,2024-01-01,19:00,Jl. Raya Kebayoran - Blok M,-6.254827,106.866697,Grogol,19,813,65.8,0,Medium,32.4
2024-01-02 00:00:00,2024-01-02,00:00,Jl. I Gusti Ngurah Rai - Cilincing,-6.220578,106.809532,Cibubur,4,92,95.4,0,Low,73.8
2024-01-02 06:30:00,2024-01-02,06:30,Jl. Suryo - Senopati,-6.209467,106.921182,Tangerang,4,107,89.7,0,Low,80.0
2024-01-02 08:00:00,2024-01-02,08:00,Jl. Raya Kebayoran - Blok M,-6.254827,106.866697,Grogol,12,468,71.5,0,Medium,29.0
2024-01-02 13:00:00,2024-01-02,13:00,Jl. Satrio - Mega Kuningan,-6.311796,106.806502,Kemang,2,64,82.1,0,Low,66.9
2024-01-02 16:00:00,2024-01-02,16:00,Jl. Yos Sudarso - Sunter,-6.290911,106.843112,Blok M,10,288,86.9,0,Low,70.2
2024-01-02 22:30:00,2024-01-02,22:30,Jl. Raya Bogor - Cibubur,-6.309112,106.979063,Cibubur,7,179,91.5,0,Low,66.8
2024-01-03 06:30:00,2024-01-03,06:30,Jl. Pluit - Muara Karang,-6.209726,106.804216,Pluit,3,70,95.0,0,Low,80.0
2024-01-03 08:00:00,2024-01-03,08:00,Jl. Alternatif Cibubur - Depok,-6.17444,106.922457,PIK,23,897,71.5,0,Medium,17.6
2024-01-03 10:00:00,2024-01-03,10:00,Jl. Kalibata - Jati Padang,-6.153436,106.706045,Grogol,5,160,82.1,0,Low,42.5
2024-01-03 16:30:00,2024-01-03,16:30,Jl. Senopati - Kebayoran Baru,-6.101548,106.969055,PIK,10,327,81.0,0,Medium,68.3
2024-01-03 16:30:00,2024-01-03,16:30,Jl. Kemang Raya - Bangka,-6.25665,106.867567,Kemang,6,191,82.3,0,Low,34.2
2024-01-03 17:30:00,2024-01-03,17:30,Jl. KS Tubun - Slipi,-6.132922,106.873482,Senen,16,653,68.8,0,Medium,25.4
2024-01-03 20:30:00,2024-01-03,20:30,Jl. Daan Mogot - Grogol,-6.311875,106.891804,Menteng,5,145,86.6,0,Low,76.0
2024-01-03 22:30:00,2024-01-03,22:30,Jl. MT Haryono - Cawang,-6.330828,106.709375,Depok,6,154,91.4,0,Low,69.7
2024-01-04 08:00:00,2024-01-04,08:00,Jl. I Gusti Ngurah Rai - Cilincing,-6.220578,106.809532,Cibubur,16,648,69.3,0,Medium,23.0
2024-01-04 11:30:00,2024-01-04,11:30,Jl. Ciledug - Tangerang,-6.212699,106.96315,Senayan,8,228,87.3,0,Low,40.7
2024-01-04 11:30:00,2024-01-04,11:30,Jl. Raya Kebayoran - Blok M,-6.254827,106.866697,Grogol,9,293,81.2,0,Medium,58.7
2024-01-04 12:00:00,2024-01-04,12:00,Jl. Raya Bogor - Cibubur,-6.309112,106.979063,Cibubur,6,184,83.9,0,Low,40.5
2024-01-05 00:00:00,2024-01-05,00:00,Jl. OTT - Cipayung,-6.107017,106.860825,Mangga Dua,3,79,90.6,0,Low,80.0
2024-01-05 10:00:00,2024-01-05,10:00,Jl. Bypass - Cibubur,-6.113984,106.955501,Mangga Dua,11,353,81.9,0,Medium,48.3
2024-01-05 14:00:00,2024-01-05,14:00,Jl. Bypass - Cibubur,-6.113984,106.955501,Mangga Dua,8,252,82.7,0,Low,34.0
2024-01-05 15:30:00,2024-01-05,15:30,Jl. OTT - Cipayung,-6.107017,106.860825,Mangga Dua,4,115,87.0,0,Low,40.5
2024-01-05 16:00:00,2024-01-05,16:00,Jl. Bypass - Cibubur,-6.113984,106.955501,Mangga Dua,5,157,83.0,0,Low,38.9
2024-01-05 17:00:00,2024-01-05,17:00,Jl. Ciledug - Tangerang,-6.212699,106.96315,Senayan,39,1560,70.0,0,Medium,17.8
2024-01-05 20:30:00,2024-01-05,20:30,Jl. Senopati - Kebayoran Baru,-6.101548,106.969055,PIK,9,235,90.9,0,Low,40.1
2024-01-05 20:30:00,2024-01-05,20:30,Jl. Diponegoro - Cikini,-6.190713,106.82378,Kelapa Gading,6,171,87.3,0,Low,80.0
2024-01-06 05:00:00,2024-01-06,05:00,Jl. Kramat Raya - Senen,-6.286055,106.77422,PIK,7,153,97.2,0,Low,80.0
2024-01-06 05:30:00,2024-01-06,05:30,Jl. Diponegoro - Cikini,-6.190713,106.82378,Kelapa Gading,3,79,90.5,0,Low,80.0
2024-01-06 09:30:00,2024-01-06,09:30,Jl. Kramat Raya - Senen,-6.286055,106.77422,PIK,2,45,96.0,0,Low,80.0
2024-01-06 12:00:00,2024-01-06,12:00,Jl. Perintis Kemerdekaan - Cakung,-6.157094,106.797319,Kelapa Gading,9,294,81.0,0,Medium,41.0
2024-01-06 16:00:00,2024-01-06,16:00,Jl. Boulevard Raya - Kelapa Gading,-6.269007,106.813587,Tangerang,9,284,82.7,0,Low,24.3
2024-01-06 20:30:00,2024-01-06,20:30,Jl. MT Haryono - Cawang,-6.330828,106.709375,Depok,9,265,85.8,0,Low,59.1
2024-01-06 23:00:00,2024-01-06,23:00,Jl. Alternatif Cibubur - Depok,-6.17444,106.922457,PIK,2,48,94.3,0,Low,80.0
2024-01-07 02:00:00,2024-01-07,02:00,Jl. Satrio - Mega Kuningan,-6.311796,106.806502,Kemang,3,70,94.9,0,Low,80.0
2024-01-07 06:00:00,2024-01-07,06:00,Jl. Suryo - Senopati,-6.209467,106.921182,Tangerang,3,73,93.6,0,Low,80.0
2024-01-07 21:00:00,2024-01-07,21:00,Jl. Proklamasi - Menteng,-6.30321,106.824834,Kuningan,2,44,96.9,0,Low,80.0
2024-01-07 22:30:00,2024-01-07,22:30,Jl. Trunojoyo - Kebayoran,-6.25295,106.985902,Menteng,5,112,96.3,0,Low,80.0
2024-01-08 04:00:00,2024-01-08,04:00,Jl. Fatmawati - Cipete,-6.304548,106.787167,Pluit,2,44,97.3,0,Low,80.0
2024-01-08 11:30:00,2024-01-08,11:30,Jl. Rasuna Said - Setiabudi,-6.134657,106.923223,Sunter,4,111,88.5,0,Low,33.5
2024-01-08 13:00:00,2024-01-08,13:00,Jl. MT Haryono - Cawang,-6.330828,106.709375,Depok,6,185,83.9,0,Low,45.3
2024-01-09 00:00:00,2024-01-09,00:00,Jl. Daan Mogot - Grogol,-6.311875,106.891804,Menteng,4,100,92.4,0,Low,80.0
2024-01-09 06:00:00,2024-01-09,06:00,Jl. Raya Meruya - Kembangan,-6.207135,106.763742,Cakung,4,88,96.9,0,Low,80.0
2024-01-09 06:30:00,2024-01-09,06:30,Jl. Perintis Kemerdekaan - Cakung,-6.157094,106.797319,Kelapa Gading,1,25,92.1,0,Low,80.0
2024-01-09 11:00:00,2024-01-09,11:00,Jl. Trunojoyo - Kebayoran,-6.25295,106.985902,Menteng,7,199,87.3,0,Low,29.2
2024-01-09 13:30:00,2024-01-09,13:30,Jl. Yos Sudarso - Sunter,-6.290911,106.843112,Blok M,7,206,86.0,0,Low,68.3
2024-01-09 14:00:00,2024-01-09,14:00,Jl. Kelapa Gading Boulevard,-6.338097,106.915145,Cakung,9,270,85.0,0,Low,65.0
2024-01-09 16:30:00,2024-01-09,16:30,Jl. Alternatif Cibubur - Depok,-6.17444,106.922457,PIK,13,393,84.6,0,Low,47.3
2024-01-09 22:00:00,2024-01-09,22:00,Jl. Pantai Indah Kapuk - PIK,-6.213754,106.91665,Sudirman,5,147,86.0,0,Low,80.0
2024-01-10 03:00:00,2024-01-10,03:00,Jl. MT Haryono - Cawang,-6.330828,106.709375,Depok,7,192,89.0,0,Low,80.0
2024-01-10 09:00:00,2024-01-10,09:00,Jl. HR Rasuna Said - Casablanca,-6.270683,106.776612,Cawang,8,330,68.1,0,Medium,24.6
2024-01-10 16:00:00,2024-01-10,16:00,Jl. Jend. Sudirman - Semanggi,-6.236244,106.858119,Slipi,7,204,86.3,0,Low,37.1
2024-01-11 02:00:00,2024-01-11,02:00,Jl. Satrio - Mega Kuningan,-6.311796,106.806502,Kemang,6,161,89.9,0,Low,80.0
2024-01-11 06:30:00,2024-01-11,06:30,Jl. OTT - Cipayung,-6.107017,106.860825,Mangga Dua,4,108,89.6,0,Low,80.0
2024-01-11 12:30:00,2024-01-11,12:30,Jl. HR Rasuna Said - Casablanca,-6.270683,106.776612,Cawang,6,179,85.4,0,Low,70.0
2024-01-11 13:00:00,2024-01-11,13:00,Jl. Fatmawati - Cipete,-6.304548,106.787167,Pluit,0,0,79.8,0,Medium,66.2
2024-01-11 20:30:00,2024-01-11,20:30,Jl. Kalibata - Jati Padang,-6.153436,106.706045,Grogol,5,128,91.5,0,Low,80.0
2024-01-11 22:30:00,2024-01-11,22:30,Jl. Raya Bogor - Citereup,-6.213028,106.910585,Bekasi,3,84,88.1,0,Low,77.6
2024-01-12 00:30:00,2024-01-12,00:30,Jl. Pluit - Muara Karang,-6.209726,106.804216,Pluit,3,71,94.7,0,Low,80.0
2024-01-12 01:30:00,2024-01-12,01:30,Jl. Pemuda - Senen,-6.329711,106.821784,Menteng,1,24,94.7,0,Low,72.5
2024-01-12 02:00:00,2024-01-12,02:00,Jl. Raya Condet - Balekambang,-6.194614,106.715079,Slipi,0,0,97.5,0,Low,80.0
2024-01-12 07:00:00,2024-01-12,07:00,Jl. Thamrin - Monas,-6.307573,106.808325,Senayan,13,500,72.3,0,Medium,41.8
2024-01-12 10:00:00,2024-01-12,10:00,Jl. Tendean - Mampang,-6.248301,106.959944,Sudirman,7,200,87.2,0,Low,28.9
2024-01-12 12:00:00,2024-01-12,12:00,Jl. Jend. Gatot Subroto - Slipi,-6.274291,106.902045,Bekasi,6,175,86.1,0,Low,27.2
2024-01-12 15:00:00,2024-01-12,15:00,Jl. Satrio - Mega Kuningan,-6.311796,106.806502,Kemang,2,57,87.0,0,Low,49.5
2024-01-12 16:30:00,2024-01-12,16:30,Jl. Thamrin - Monas,-6.307573,106.808325,Senayan,2,58,86.4,0,Low,77.7
2024-01-12 21:00:00,2024-01-12,21:00,Jl. Bypass - Cibubur,-6.113984,106.955501,Mangga Dua,3,90,85.0,0,Low,60.6
2024-01-12 22:30:00,2024-01-12,22:30,Jl. Raya Bogor - Cibubur,-6.309112,106.979063,Cibubur,3,90,85.2,0,Low,80.0
2024-01-12 23:30:00,2024-01-12,23:30,Jl. Proklamasi - Menteng,-6.30321,106.824834,Kuningan,3,71,94.7,0,Low,80.0
2024-01-13 07:00:00,2024-01-13,07:00,Jl. Sudirman - Bundaran HI,-6.34447,106.892254,Depok,4,97,93.5,0,Low,80.0
2024-01-13 13:30:00,2024-01-13,13:30,Jl. Kelapa Gading Boulevard,-6.338097,106.915145,Cakung,14,410,86.1,0,Low,38.1
2024-01-13 16:00:00,2024-01-13,16:00,Jl. Perintis Kemerdekaan - Cakung,-6.157094,106.797319,Kelapa Gading,6,198,80.6,0,Medium,66.5
2024-01-13 19:30:00,2024-01-13,19:30,Jl. Raden Saleh - Salemba,-6.29455,106.702558,Cawang,10,284,87.3,0,Low,58.7
2024-01-13 19:30:00,2024-01-13,19:30,Jl. Pondok Indah - Pondok Pinang,-6.342138,106.750299,Blok M,6,184,83.9,0,Low,71.8
2024-01-13 23:30:00,2024-01-13,23:30,Jl. Raya Meruya - Kembangan,-6.207135,106.763742,Cakung,2,43,97.5,0,Low,80.0
2024-01-14 07:30:00,2024-01-14,07:30,Jl. Kramat Raya - Senen,-6.286055,106.77422,PIK,6,150,92.6,0,Low,80.0
2024-01-14 14:00:00,2024-01-14,14:00,Jl. Kalibata - Jati Padang,-6.153436,106.706045,Grogol,5,167,79.8,0,Medium,36.3
2024-01-14 21:30:00,2024-01-14,21:30,Jl. KS Tubun - Slipi,-6.132922,106.873482,Senen,3,70,95.0,0,Low,80.0
2024-01-15 02:00:00,2024-01-15,02:00,Jl. Rasuna Said - Setiabudi,-6.134657,106.923223,Sunter,6,149,92.8,0,Low,80.0
2024-01-15 03:00:00,2024-01-15,03:00,Jl. Pantai Indah Kapuk - PIK,-6.213754,106.91665,Sudirman,3,75,92.5,0,Low,80.0
2024-01-15 03:00:00,2024-01-15,03:00,Jl. Perintis Kemerdekaan - Cakung,-6.157094,106.797319,Kelapa Gading,4,90,96.2,0,Low,80.0
2024-01-15 03:30:00,2024-01-15,03:30,Jl. Ciledug - Tangerang,-6.212699,106.96315,Senayan,2,55,88.6,0,Low,80.0
2024-01-15 09:30:00,2024-01-15,09:30,Jl. Pasar Minggu - Lenteng Agung,-6.232437,106.878927,Senayan,7,252,75.9,1,Medium,13.0
2024-01-15 23:30:00,2024-01-15,23:30,Jl. Kalibata - Jati Padang,-6.153436,106.706045,Grogol,4,101,92.1,0,Low,80.0
2024-01-16 07:00:00,2024-01-16,07:00,Jl. Raya Bogor - Citereup,-6.213028,106.910585,Bekasi,15,568,73.2,0,Medium,39.0
2024-01-16 09:00:00,2024-01-16,09:00,Jl. HR Rasuna Said - Casablanca,-6.270683,106.776612,Cawang,12,434,75.8,0,Medium,29.6
2024-01-16 13:30:00,2024-01-16,13:30,Jl. Thamrin - Monas,-6.307573,106.808325,Senayan,16,491,84.0,0,Low,66.6
2024-01-16 16:00:00,2024-01-16,16:00,Jl. Kelapa Gading Boulevard,-6.338097,106.915145,Cakung,7,201,86.9,0,Low,46.3
2024-01-16 18:30:00,2024-01-16,18:30,Jl. Perintis Kemerdekaan - Cakung,-6.157094,106.797319,Kelapa Gading,17,659,71.9,0,Medium,31.5
2024-01-17 01:00:00,2024-01-17,01:00,Jl. Raya Kebayoran - Blok M,-6.254827,106.866697,Grogol,4,108,89.6,0,Low,80.0
2024-01-17 07:00:00,2024-01-17,07:00,Jl. Senopati - Kebayoran Baru,-6.101548,106.969055,PIK,13,470,75.8,0,Medium,36.7
2024-01-17 09:30:00,2024-01-17,09:30,Jl. Tendean - Mampang,-6.248301,106.959944,Sudirman,12,435,75.6,0,Medium,25.8
2024-01-17 14:00:00,2024-01-17,14:00,Jl. Gajah Mada - Mangga Dua,-6.160784,106.967608,Blok M,5,163,81.0,0,Medium,70.3
2024-01-17 14:30:00,2024-01-17,14:30,Jl. Pemuda - Senen,-6.329711,106.821784,Menteng,4,121,84.5,0,Low,35.1
2024-01-18 16:00:00,2024-01-18,16:00,Jl. Raya Condet - Balekambang,-6.194614,106.715079,Slipi,6,198,80.4,0,Medium,44.6
2024-01-18 16:00:00,2024-01-18,16:00,Jl. Proklamasi - Menteng,-6.30321,106.824834,Kuningan,7,210,85.1,0,Low,54.5
2024-01-18 23:00:00,2024-01-18,23:00,Jl. Kalibata - Jati Padang,-6.153436,106.706045,Grogol,4,96,93.8,0,Low,80.0
2024-01-18 23:00:00,2024-01-18,23:00,Jl. Thamrin - Monas,-6.307573,106.808325,Senayan,4,102,91.6,0,Low,80.0
2024-01-19 04:00:00,2024-01-19,04:00,Jl. I Gusti Ngurah Rai - Cilincing,-6.220578,106.809532,Cibubur,3,79,90.4,0,Low,69.0
2024-01-19 11:00:00,2024-01-19,11:00,Jl. Raya Bogor - Citereup,-6.213028,106.910585,Bekasi,2,58,86.2,0,Low,69.9
2024-01-19 20:00:00,2024-01-19,20:00,Jl. Pantai Indah Kapuk - PIK,-6.213754,106.91665,Sudirman,7,201,86.9,0,Low,41.7
2024-01-19 22:30:00,2024-01-19,22:30,Jl. Raya Bogor - Citereup,-6.213028,106.910585,Bekasi,8,221,88.5,0,Low,80.0
2024-01-20 01:30:00,2024-01-20,01:30,Jl. Raya Meruya - Kembangan,-6.207135,106.763742,Cakung,2,54,89.7,0,Low,80.0
2024-01-20 02:30:00,2024-01-20,02:30,Jl. HR Rasuna Said - Casablanca,-6.270683,106.776612,Cawang,2,49,93.5,0,Low,80.0
2024-01-20 02:30:00,2024-01-20,02:30,Jl. Wolter Monginsidi - Kebayoran Baru,-6.104868,106.887878,Pluit,2,44,97.1,0,Low,80.0
2024-01-20 03:00:00,2024-01-20,03:00,Jl. Pluit - Muara Karang,-6.209726,106.804216,Pluit,3,63,98.3,0,Low,80.0
2024-01-20 07:30:00,2024-01-20,07:30,Jl. I Gusti Ngurah Rai - Cilincing,-6.220578,106.809532,Cibubur,4,87,97.5,0,Low,80.0
2024-01-20 15:30:00,2024-01-20,15:30,Jl. Raya Bogor - Cibubur,-6.309112,106.979063,Cibubur,3,102,79.2,0,Medium,34.6
2024-01-20 17:00:00,2024-01-20,17:00,Jl. MT Haryono - Cawang,-6.330828,106.709375,Depok,9,305,79.2,0,Medium,43.7
2024-01-20 17:00:00,2024-01-20,17:00,Jl. Suryo - Senopati,-6.209467,106.921182,Tangerang,4,126,82.9,0,Low,38.2
2024-01-21 06:30:00,2024-01-21,06:30,Jl. Pantai Indah Kapuk - PIK,-6.213754,106.91665,Sudirman,2,45,96.4,0,Low,80.0
2024-01-21 08:00:00,2024-01-21,08:00,Jl. Raya Kamal - Penjaringan,-6.239156,106.967801,Senen,4,100,92.4,0,Low,80.0
2024-01-22 04:30:00,2024-01-22,04:30,Jl. Fatmawati - Cipete,-6.304548,106.787167,Pluit,5,115,95.6,0,Low,80.0
2024-01-22 15:00:00,2024-01-22,15:00,Jl. Fatmawati - Cipete,-6.304548,106.787167,Pluit,7,234,79.8,0,Medium,41.1
2024-01-22 16:00:00,2024-01-22,16:00,Jl. Daan Mogot - Grogol,-6.311875,106.891804,Menteng,3,87,86.7,0,Low,70.0
2024-01-23 00:30:00,2024-01-23,00:30,Jl. Metro Pondok Indah - Ciputat,-6.120604,106.708881,Tangerang,2,49,93.4,0,Low,80.0
2024-01-23 07:30:00,2024-01-23,07:30,Jl. Pluit - Muara Karang,-6.209726,106.804216,Pluit,23,955,67.7,0,Medium,18.3
2024-01-23 12:00:00,2024-01-23,12:00,Jl. Pluit - Muara Karang,-6.209726,106.804216,Pluit,5,159,82.4,0,Low,72.4
2024-01-23 12:30:00,2024-01-23,12:30,Jl. Kalibata - Jati Padang,-6.153436,106.706045,Grogol,5,139,88.4,0,Low,64.2
2024-01-24 00:00:00,2024-01-24,00:00,Jl. Kalibata - Jati Padang,-6.153436,106.706045,Grogol,4,109,89.2,0,Low,80.0
2024-01-24 04:30:00,2024-01-24,04:30,Jl. Diponegoro - Cikini,-6.190713,106.82378,Kelapa Gading,2,50,92.4,0,Low,77.5
2024-01-24 05:30:00,2024-01-24,05:30,Jl. I Gusti Ngurah Rai - Cilincing,-6.220578,106.809532,Cibubur,5,127,92.0,0,Low,80.0
2024-01-24 13:00:00,2024-01-24,13:00,Jl. Metro Pondok Indah - Ciputat,-6.120604,106.708881,Tangerang,7,231,80.5,0,Medium,65.1
2024-01-24 13:30:00,2024-01-24,13:30,Jl. Raya Meruya - Kembangan,-6.207135,106.763742,Cakung,9,279,83.5,0,Low,49.8
2024-01-24 18:30:00,2024-01-24,18:30,Jl. Metro Pondok Indah - Ciputat,-6.120604,106.708881,Tangerang,4,171,66.0,0,Medium,35.0
2024-01-25 05:30:00,2024-01-25,05:30,Jl. Pondok Indah - Pondok Pinang,-6.342138,106.750299,Blok M,4,99,92.9,0,Low,80.0
2024-01-25 08:00:00,2024-01-25,08:00,Jl. Jend. Sudirman - Semanggi,-6.236244,106.858119,Slipi,10,399,70.2,0,Medium,37.1
2024-01-25 08:00:00,2024-01-25,08:00,Jl. Raya Bogor - Cibubur,-6.309112,106.979063,Cibubur,15,601,69.9,1,Medium,11.0
2024-01-25 14:30:00,2024-01-25,14:30,Jl. Senopati - Kebayoran Baru,-6.101548,106.969055,PIK,4,126,82.8,0,Low,60.1
2024-01-26 13:00:00,2024-01-26,13:00,Jl. I Gusti Ngurah Rai - Cilincing,-6.220578,106.809532,Cibubur,12,370,83.7,0,Low,33.1
2024-01-26 13:30:00,2024-01-26,13:30,Jl. Sudirman - Bundaran HI,-6.34447,106.892254,Depok,1,29,86.3,0,Low,56.7
2024-01-26 16:30:00,2024-01-26,16:30,Jl. Boulevard Raya - Kelapa Gading,-6.269007,106.813587,Tangerang,6,183,84.2,0,Low,38.2
2024-01-26 20:00:00,2024-01-26,20:00,Jl. Jend. Gatot Subroto - Slipi,-6.274291,106.902045,Bekasi,9,267,85.5,0,Low,80.0
2024-01-26 21:30:00,2024-01-26,21:30,Jl. Casablanca - Kampung Melayu,-6.349356,106.862667,Sudirman,10,283,87.6,0,Low,79.8
2024-01-27 09:00:00,2024-01-27,09:00,Jl. Perintis Kemerdekaan - Cakung,-6.157094,106.797319,Kelapa Gading,4,103,91.5,0,Low,80.0
2024-01-28 02:30:00,2024-01-28,02:30,Jl. Boulevard Raya - Kelapa Gading,-6.269007,106.813587,Tangerang,1,24,94.2,0,Low,80.0
2024-01-28 04:30:00,2024-01-28,04:30,Jl. HR Rasuna Said - Casablanca,-6.270683,106.776612,Cawang,3,70,94.8,0,Low,80.0
2024-01-28 18:30:00,2024-01-28,18:30,Jl. Bypass - Cibubur,-6.113984,106.955501,Mangga Dua,13,404,83.4,0,Low,36.6
2024-01-28 19:00:00,2024-01-28,19:00,Jl. Hayam Wuruk - Harmoni,-6.335259,106.789533,Sunter,10,282,87.6,0,Low,27.3
2024-01-28 22:30:00,2024-01-28,22:30,Jl. Diponegoro - Cikini,-6.190713,106.82378,Kelapa Gading,2,53,90.4,0,Low,80.0
2024-01-29 04:00:00,2024-01-29,04:00,Jl. Kemang Raya - Bangka,-6.25665,106.867567,Kemang,4,104,90.9,0,Low,80.0
2024-01-29 05:00:00,2024-01-29,05:00,Jl. Raya Bogor - Citereup,-6.213028,106.910585,Bekasi,3,73,93.6,0,Low,80.0
2024-01-29 08:30:00,2024-01-29,08:30,Jl. Jend. Sudirman - Semanggi,-6.236244,106.858119,Slipi,13,512,70.9,0,Medium,23.7
2024-01-29 09:00:00,2024-01-29,09:00,Jl. TB Simatupang - Ciracas,-6.228116,106.832055,Mangga Dua,15,590,71.0,0,Medium,22.4
2024-01-29 17:30:00,2024-01-29,17:30,Jl. KS Tubun - Slipi,-6.132922,106.873482,Senen,24,977,68.9,0,Medium,33.0
2024-01-29 21:00:00,2024-01-29,21:00,Jl. Pondok Indah - Pondok Pinang,-6.342138,106.750299,Blok M,6,167,88.2,0,Low,80.0
2024-01-30 00:00:00,2024-01-30,00:00,Jl. Warung Buncit - Pejaten,-6.189791,106.990807,Kelapa Gading,3,79,90.3,0,Low,80.0
2024-01-30 04:30:00,2024-01-30,04:30,Jl. Raya Kamal - Penjaringan,-6.239156,106.967801,Senen,5,121,93.6,0,Low,80.0
2024-01-30 08:00:00,2024-01-30,08:00,Jl. Pantai Indah Kapuk - PIK,-6.213754,106.91665,Sudirman,22,883,69.8,0,Medium,32.4
2024-01-30 13:30:00,2024-01-30,13:30,Jl. I Gusti Ngurah Rai - Cilincing,-6.220578,106.809532,Cibubur,6,174,86.4,0,Low,50.0
2024-01-31 00:00:00,2024-01-31,00:00,Jl. Kramat Raya - Senen,-6.286055,106.77422,PIK,3,73,93.3,0,Low,80.0
2024-01-31 08:30:00,2024-01-31,08:30,Jl. Raya Condet - Balekambang,-6.194614,106.715079,Slipi,6,235,71.2,0,Medium,24.9
2024-01-31 13:00:00,2024-01-31,13:00,Jl. Perintis Kemerdekaan - Cakung,-6.157094,106.797319,Kelapa Gading,5,152,84.4,0,Low,47.4
2024-01-31 14:30:00,2024-01-31,14:30,Jl. Boulevard Raya - Kelapa Gading,-6.269007,106.813587,Tangerang,1,28,88.4,0,Low,31.1
2024-01-31 16:00:00,2024-01-31,16:00,Jl. Senopati - Kebayoran Baru,-6.101548,106.969055,PIK,7,235,79.7,0,Medium,45.8
2024-01-31 17:00:00,2024-01-31,17:00,Jl. Thamrin - Monas,-6.307573,106.808325,Senayan,11,466,66.4,0,Medium,27.5
2024-02-01 01:00:00,2024-02-01,01:00,Jl. Boulevard Raya - Kelapa Gading,-6.269007,106.813587,Tangerang,3,74,93.0,0,Low,80.0
2024-02-01 03:00:00,2024-02-01,03:00,Jl. Raya Bogor - Citereup,-6.213028,106.910585,Bekasi,5,120,94.1,0,Low,64.9
2024-02-01 04:30:00,2024-02-01,04:30,Jl. Raden Saleh - Salemba,-6.29455,106.702558,Cawang,8,205,91.5,0,Low,80.0
2024-02-01 04:30:00,2024-02-01,04:30,Jl. Bypass - Cibubur,-6.113984,106.955501,Mangga Dua,2,49,93.2,0,Low,80.0
2024-02-01 05:30:00,2024-02-01,05:30,Jl. Daan Mogot - Grogol,-6.311875,106.891804,Menteng,3,70,95.1,0,Low,80.0
2024-02-01 12:00:00,2024-02-01,12:00,Jl. Jend. Sudirman - Semanggi,-6.236244,106.858119,Slipi,8,242,84.6,0,Low,66.7
2024-02-01 13:30:00,2024-02-01,13:30,Jl. Wolter Monginsidi - Kebayoran Baru,-6.104868,106.887878,Pluit,11,323,86.0,0,Low,25.8
2024-02-01 16:30:00,2024-02-01,16:30,Jl. Tendean - Mampang,-6.248301,106.959944,Sudirman,6,168,87.9,0,Low,48.3
2024-02-01 20:00:00,2024-02-01,20:00,Jl. Jend. Gatot Subroto - Slipi,-6.274291,106.902045,Bekasi,3,89,85.5,0,Low,43.6
2024-02-01 20:30:00,2024-02-01,20:30,Jl. Raya Meruya - Kembangan,-6.207135,106.763742,Cakung,8,245,84.1,0,Low,59.4
2024-02-02 06:00:00,2024-02-02,06:00,Jl. Kramat Raya - Senen,-6.286055,106.77422,PIK,4,88,96.9,0,Low,80.0
2024-02-02 09:30:00,2024-02-02,09:30,Jl. Pluit - Muara Karang,-6.209726,106.804216,Pluit,14,571,68.9,0,Medium,18.1
2024-02-02 13:00:00,2024-02-02,13:00,Jl. Perintis Kemerdekaan - Cakung,-6.157094,106.797319,Kelapa Gading,5,163,81.1,0,Medium,24.9
2024-02-02 17:00:00,2024-02-02,17:00,Jl. TB Simatupang - Ciracas,-6.228116,106.832055,Mangga Dua,18,726,69.5,0,Medium,29.0
2024-02-03 00:00:00,2024-02-03,00:00,Jl. Satrio - Mega Kuningan,-6.311796,106.806502,Kemang,3,68,96.2,0,Low,80.0
2024-02-03 00:30:00,2024-02-03,00:30,Jl. Bypass - Cibubur,-6.113984,106.955501,Mangga Dua,7,167,94.1,0,Low,80.0
2024-02-03 02:00:00,2024-02-03,02:00,Jl. Tendean - Mampang,-6.248301,106.959944,Sudirman,4,96,94.0,0,Low,80.0
2024-02-03 05:30:00,2024-02-03,05:30,Jl. Sudirman - Bundaran HI,-6.34447,106.892254,Depok,1,24,94.7,0,Low,80.0
2024-02-03 07:30:00,2024-02-03,07:30,Jl. Rasuna Said - Setiabudi,-6.134657,106.923223,Sunter,4,92,95.4,0,Low,80.0
2024-02-03 13:00:00,2024-02-03,13:00,Jl. Pondok Indah - Pondok Pinang,-6.342138,106.750299,Blok M,8,270,79.4,0,Medium,38.0
2024-02-03 17:00:00,2024-02-03,17:00,Jl. Bypass - Cibubur,-6.113984,106.955501,Mangga Dua,11,319,86.4,0,Low,29.5
2024-02-04 05:00:00,2024-02-04,05:00,Jl. Warung Buncit - Pejaten,-6.189791,106.990807,Kelapa Gading,2,43,98.1,0,Low,80.0
2024-02-04 13:30:00,2024-02-04,13:30,Jl. Perintis Kemerdekaan - Cakung,-6.157094,106.797319,Kelapa Gading,2,66,80.4,0,Medium,41.7
2024-02-04 15:30:00,2024-02-04,15:30,Jl. Raya Meruya - Kembangan,-6.207135,106.763742,Cakung,4,115,86.7,0,Low,62.2
2024-02-04 17:00:00,2024-02-04,17:00,Jl. MT Haryono - Cawang,-6.330828,106.709375,Depok,4,115,87.0,0,Low,39.0
2024-02-04 18:00:00,2024-02-04,18:00,Jl. Raya Condet - Balekambang,-6.194614,106.715079,Slipi,3,90,85.2,0,Low,45.9
2024-02-05 05:00:00,2024-02-05,05:00,Jl. Gatot Subroto - Kuningan,-6.22945,106.714205,Kuningan,7,169,93.7,0,Low,80.0
2024-02-05 10:30:00,2024-02-05,10:30,Jl. Warung Buncit - Pejaten,-6.189791,106.990807,Kelapa Gading,5,158,82.7,0,Low,75.5
2024-02-05 18:00:00,2024-02-05,18:00,Jl. Diponegoro - Cikini,-6.190713,106.82378,Kelapa Gading,11,466,66.4,0,Medium,26.1
2024-02-05 21:00:00,2024-02-05,21:00,Jl. Suryo - Senopati,-6.209467,106.921182,Tangerang,7,180,91.5,0,Low,80.0
2024-02-06 00:00:00,2024-02-06,00:00,Jl. Thamrin - Monas,-6.307573,106.808325,Senayan,4,105,90.5,0,Low,80.0
2024-02-06 10:30:00,2024-02-06,10:30,Jl. Gatot Subroto - Kuningan,-6.22945,106.714205,Kuningan,9,253,87.8,0,Low,36.7
2024-02-06 21:30:00,2024-02-06,21:30,Jl. Gajah Mada - Mangga Dua,-6.160784,106.967608,Blok M,3,86,87.1,0,Low,43.0
2024-02-07 07:00:00,2024-02-07,07:00,Jl. Pluit - Muara Karang,-6.209726,106.804216,Pluit,23,902,71.2,1,Medium,11.8
2024-02-07 07:00:00,2024-02-07,07:00,Jl. Boulevard Raya - Kelapa Gading,-6.269007,106.813587,Tangerang,25,948,73.1,0,Medium,29.4
2024-02-07 17:00:00,2024-02-07,17:00,Jl. Metro Pondok Indah - Ciputat,-6.120604,106.708881,Tangerang,6,237,70.7,0,Medium,25.4
2024-02-08 01:30:00,2024-02-08,01:30,Jl. Jend. Gatot Subroto - Slipi,-6.274291,106.902045,Bekasi,3,81,89.3,0,Low,80.0
2024-02-08 04:00:00,2024-02-08,04:00,Jl. Gajah Mada - Mangga Dua,-6.160784,106.967608,Blok M,6,151,92.2,0,Low,80.0
2024-02-08 08:00:00,2024-02-08,08:00,Jl. Satrio - Mega Kuningan,-6.311796,106.806502,Kemang,10,385,72.2,0,Medium,32.7
2024-02-08 22:30:00,2024-02-08,22:30,Jl. Perintis Kemerdekaan - Cakung,-6.157094,106.797319,Kelapa Gading,8,243,84.5,0,Low,72.4
2024-02-09 02:30:00,2024-02-09,02:30,Jl. Kramat Raya - Senen,-6.286055,106.77422,PIK,3,80,89.8,0,Low,80.0
2024-02-09 07:30:00,2024-02-09,07:30,Jl. Warung Buncit - Pejaten,-6.189791,106.990807,Kelapa Gading,0,0,71.9,0,Medium,26.5
2024-02-09 09:00:00,2024-02-09,09:00,Jl. Asia Afrika - Gelora Bung Karno,-6.247468,106.769042,Depok,25,1014,69.2,0,Medium,17.8
2024-02-09 10:00:00,2024-02-09,10:00,Jl. Raya Bogor - Cibubur,-6.309112,106.979063,Cibubur,9,279,83.4,0,Low,50.7
2024-02-09 11:00:00,2024-02-09,11:00,Jl. Jend. Gatot Subroto - Slipi,-6.274291,106.902045,Bekasi,6,183,84.3,0,Low,61.3
2024-02-09 19:00:00,2024-02-09,19:00,Jl. Kramat Raya - Senen,-6.286055,106.77422,PIK,15,566,73.4,0,Medium,24.9
2024-02-10 04:00:00,2024-02-10,04:00,Jl. Casablanca - Kampung Melayu,-6.349356,106.862667,Sudirman,2,44,96.9,0,Low,80.0
2024-02-10 06:00:00,2024-02-10,06:00,Jl. Bypass - Cibubur,-6.113984,106.955501,Mangga Dua,5,112,96.5,0,Low,80.0
2024-02-10 06:00:00,2024-02-10,06:00,Jl. Hayam Wuruk - Harmoni,-6.335259,106.789533,Sunter,4,89,96.6,0,Low,80.0
2024-02-10 07:00:00,2024-02-10,07:00,Jl. Gatot Subroto - Kuningan,-6.22945,106.714205,Kuningan,2,47,94.4,0,Low,80.0
2024-02-10 10:00:00,2024-02-10,10:00,Jl. Warung Buncit - Pejaten,-6.189791,106.990807,Kelapa Gading,9,278,83.6,0,Low,29.0
2024-02-10 16:30:00,2024-02-10,16:30,Jl. Proklamasi - Menteng,-6.30321,106.824834,Kuningan,9,271,84.8,0,Low,42.7
2024-02-10 17:00:00,2024-02-10,17:00,Jl. Proklamasi - Menteng,-6.30321,106.824834,Kuningan,4,120,84.8,0,Low,65.9
2024-02-10 18:00:00,2024-02-10,18:00,Jl. Suryo - Senopati,-6.209467,106.921182,Tangerang,8,252,82.7,0,Low,49.7
2024-02-11 02:00:00,2024-02-11,02:00,Jl. Raden Saleh - Salemba,-6.29455,106.702558,Cawang,2,44,97.3,0,Low,80.0
2024-02-11 05:00:00,2024-02-11,05:00,Jl. Thamrin - Monas,-6.307573,106.808325,Senayan,3,66,97.1,0,Low,80.0
2024-02-11 08:00:00,2024-02-11,08:00,Jl. Jend. Gatot Subroto - Slipi,-6.274291,106.902045,Bekasi,3,76,92.0,0,Low,80.0
2024-02-11 08:30:00,2024-02-11,08:30,Jl. Asia Afrika - Gelora Bung Karno,-6.247468,106.769042,Depok,2,43,97.5,0,Low,80.0
2024-02-11 22:00:00,2024-02-11,22:00,Jl. Sudirman - Bundaran HI,-6.34447,106.892254,Depok,5,108,97.5,0,Low,80.0
2024-02-12 06:00:00,2024-02-12,06:00,Jl. Metro Pondok Indah - Ciputat,-6.120604,106.708881,Tangerang,3,77,91.3,0,Low,80.0
2024-02-12 21:00:00,2024-02-12,21:00,Jl. Asia Afrika - Gelora Bung Karno,-6.247468,106.769042,Depok,9,257,87.2,0,Low,80.0
2024-02-12 21:30:00,2024-02-12,21:30,Jl. Jend. Sudirman - Semanggi,-6.236244,106.858119,Slipi,5,137,88.8,0,Low,65.0
2024-02-12 21:30:00,2024-02-12,21:30,Jl. Satrio - Mega Kuningan,-6.311796,106.806502,Kemang,5,134,89.9,0,Low,43.8
2024-02-12 23:00:00,2024-02-12,23:00,Jl. Gatot Subroto - Kuningan,-6.22945,106.714205,Kuningan,1,25,93.1,0,Low,80.0
2024-02-13 02:00:00,2024-02-13,02:00,Jl. Satrio - Mega Kuningan,-6.311796,106.806502,Kemang,3,77,91.4,0,Low,72.0
2024-02-13 02:30:00,2024-02-13,02:30,Jl. Raden Saleh - Salemba,-6.29455,106.702558,Cawang,2,43,97.6,0,Low,80.0
2024-02-13 04:30:00,2024-02-13,04:30,Jl. Fatmawati - Cipete,-6.304548,106.787167,Pluit,4,99,92.7,0,Low,80.0
2024-02-13 05:30:00,2024-02-13,05:30,Jl. Tendean - Mampang,-6.248301,106.959944,Sudirman,3,80,90.1,0,Low,80.0
2024-02-13 06:00:00,2024-02-13,06:00,Jl. Pluit - Muara Karang,-6.209726,106.804216,Pluit,3,67,96.3,0,Low,80.0
2024-02-13 07:30:00,2024-02-13,07:30,Jl. Senopati - Kebayoran Baru,-6.101548,106.969055,PIK,7,262,73.8,0,Medium,18.8
2024-02-13 14:00:00,2024-02-13,14:00,Jl. Kalibata - Jati Padang,-6.153436,106.706045,Grogol,9,301,79.9,0,Medium,56.2
2024-02-13 14:00:00,2024-02-13,14:00,Jl. Hayam Wuruk - Harmoni,-6.335259,106.789533,Sunter,5,145,86.4,0,Low,42.8
2024-02-13 21:30:00,2024-02-13,21:30,Jl. Pasar Minggu - Lenteng Agung,-6.232437,106.878927,Senayan,8,231,86.7,0,Low,55.5
2024-02-14 09:30:00,2024-02-14,09:30,Jl. Raya Meruya - Kembangan,-6.207135,106.763742,Cakung,20,798,70.2,0,Medium,42.8
2024-02-14 09:30:00,2024-02-14,09:30,Jl. Pemuda - Senen,-6.329711,106.821784,Menteng,22,829,73.5,0,Medium,28.1
2024-02-14 14:00:00,2024-02-14,14:00,Jl. Raya Meruya - Kembangan,-6.207135,106.763742,Cakung,8,262,80.9,0,Medium,65.0
2024-02-15 00:00:00,2024-02-15,00:00,Jl. Asia Afrika - Gelora Bung Karno,-6.247468,106.769042,Depok,2,45,96.0,0,Low,80.0
2024-02-15 03:00:00,2024-02-15,03:00,Jl. Jend. Gatot Subroto - Slipi,-6.274291,106.902045,Bekasi,4,89,96.8,0,Low,80.0
2024-02-15 08:00:00,2024-02-15,08:00,Jl. Trunojoyo - Kebayoran,-6.25295,106.985902,Menteng,11,446,69.2,0,Medium,27.4
2024-02-15 14:30:00,2024-02-15,14:30,Jl. Jend. Sudirman - Semanggi,-6.236244,106.858119,Slipi,11,341,83.4,0,Low,36.4
2024-02-15 22:30:00,2024-02-15,22:30,Jl. Wolter Monginsidi - Kebayoran Baru,-6.104868,106.887878,Pluit,5,154,83.8,0,Low,80.0
2024-02-16 03:30:00,2024-02-16,03:30,Jl. Kelapa Gading Boulevard,-6.338097,106.915145,Cakung,4,92,95.4,0,Low,80.0
2024-02-16 05:30:00,2024-02-16,05:30,Jl. Raya Bogor - Cibubur,-6.309112,106.979063,Cibubur,5,125,92.5,0,Low,80.0
2024-02-16 07:00:00,2024-02-16,07:00,Jl. Perintis Kemerdekaan - Cakung,-6.157094,106.797319,Kelapa Gading,19,756,70.3,0,Medium,22.6
2024-02-16 07:30:00,2024-02-16,07:30,Jl. Pantai Indah Kapuk - PIK,-6.213754,106.91665,Sudirman,27,1069,70.6,1,Medium,11.7
2024-02-16 12:30:00,2024-02-16,12:30,Jl. Asia Afrika - Gelora Bung Karno,-6.247468,106.769042,Depok,8,257,81.8,0,Medium,71.4
2024-02-16 21:30:00,2024-02-16,21:30,Jl. Rasuna Said - Setiabudi,-6.134657,106.923223,Sunter,2,60,84.9,0,Low,62.6
2024-02-16 23:30:00,2024-02-16,23:30,Jl. Wolter Monginsidi - Kebayoran Baru,-6.104868,106.887878,Pluit,2,46,95.8,0,Low,77.9
2024-02-17 04:00:00,2024-02-17,04:00,Jl. Casablanca - Kampung Melayu,-6.349356,106.862667,Sudirman,2,45,96.3,0,Low,80.0
2024-02-17 04:00:00,2024-02-17,04:00,Jl. Jend. Gatot Subroto - Slipi,-6.274291,106.902045,Bekasi,3,71,94.6,0,Low,80.0
2024-02-17 13:00:00,2024-02-17,13:00,Jl. Satrio - Mega Kuningan,-6.311796,106.806502,Kemang,10,315,82.8,0,Low,41.8
2024-02-17 20:00:00,2024-02-17,20:00,Jl. Pantai Indah Kapuk - PIK,-6.213754,106.91665,Sudirman,10,302,84.6,0,Low,24.0
2024-02-17 20:30:00,2024-02-17,20:30,Jl. Pemuda - Senen,-6.329711,106.821784,Menteng,5,149,85.4,0,Low,57.0
2024-02-17 22:00:00,2024-02-17,22:00,Jl. Raya Condet - Balekambang,-6.194614,106.715079,Slipi,5,112,96.5,0,Low,80.0
2024-02-18 12:00:00,2024-02-18,12:00,Jl. OTT - Cipayung,-6.107017,106.860825,Mangga Dua,10,312,83.2,0,Low,36.5
2024-02-18 13:00:00,2024-02-18,13:00,Jl. Raya Kamal - Penjaringan,-6.239156,106.967801,Senen,12,365,84.4,0,Low,28.5
2024-02-18 14:30:00,2024-02-18,14:30,Jl. Jend. Gatot Subroto - Slipi,-6.274291,106.902045,Bekasi,7,235,79.6,0,Medium,63.5
2024-02-18 16:00:00,2024-02-18,16:00,Jl. Raya Bogor - Cibubur,-6.309112,106.979063,Cibubur,8,233,86.4,0,Low,46.2
2024-02-18 16:00:00,2024-02-18,16:00,Jl. Warung Buncit - Pejaten,-6.189791,106.990807,Kelapa Gading,4,118,85.6,0,Low,74.9
2024-02-18 17:30:00,2024-02-18,17:30,Jl. Kelapa Gading Boulevard,-6.338097,106.915145,Cakung,7,211,84.7,0,Low,35.9
2024-02-18 22:00:00,2024-02-18,22:00,Jl. Hayam Wuruk - Harmoni,-6.335259,106.789533,Sunter,2,52,90.9,0,Low,80.0
2024-02-19 07:00:00,2024-02-19,07:00,Jl. Pasar Minggu - Lenteng Agung,-6.232437,106.878927,Senayan,19,720,73.1,0,Medium,33.3
2024-02-19 08:00:00,2024-02-19,08:00,Jl. Kalibata - Jati Padang,-6.153436,106.706045,Grogol,28,1010,75.9,0,Medium,34.7
2024-02-19 12:30:00,2024-02-19,12:30,Jl. Raya Bogor - Citereup,-6.213028,106.910585,Bekasi,9,276,84.0,0,Low,53.4
2024-02-19 16:00:00,2024-02-19,16:00,Jl. Raya Meruya - Kembangan,-6.207135,106.763742,Cakung,9,264,86.0,0,Low,42.7
2024-02-19 16:30:00,2024-02-19,16:30,Jl. Trunojoyo - Kebayoran,-6.25295,106.985902,Menteng,3,100,79.9,0,Medium,51.0
2024-02-20 01:30:00,2024-02-20,01:30,Jl. Satrio - Mega Kuningan,-6.311796,106.806502,Kemang,4,105,90.7,0,Low,80.0
2024-02-20 15:30:00,2024-02-20,15:30,Jl. Perintis Kemerdekaan - Cakung,-6.157094,106.797319,Kelapa Gading,11,324,85.8,0,Low,74.1
2024-02-20 16:00:00,2024-02-20,16:00,Jl. Proklamasi - Menteng,-6.30321,106.824834,Kuningan,5,165,80.5,0,Medium,31.1
2024-02-20 16:30:00,2024-02-20,16:30,Jl. Tendean - Mampang,-6.248301,106.959944,Sudirman,9,284,82.7,0,Low,30.0
2024-02-20 22:30:00,2024-02-20,22:30,Jl. Wolter Monginsidi - Kebayoran Baru,-6.104868,106.887878,Pluit,5,126,92.1,0,Low,80.0
2024-02-21 04:00:00,2024-02-21,04:00,Jl. Kramat Raya - Senen,-6.286055,106.77422,PIK,5,132,90.5,0,Low,80.0
2024-02-21 05:00:00,2024-02-21,05:00,Jl. Hayam Wuruk - Harmoni,-6.335259,106.789533,Sunter,2,46,95.8,0,Low,80.0
2024-02-21 07:30:00,2024-02-21,07:30,Jl. Kramat Raya - Senen,-6.286055,106.77422,PIK,5,196,71.3,0,Medium,20.7
2024-02-21 08:00:00,2024-02-21,08:00,Jl. Kelapa Gading Boulevard,-6.338097,106.915145,Cakung,12,501,67.4,0,Medium,36.1
2024-02-21 09:30:00,2024-02-21,09:30,Jl. Ciledug - Tangerang,-6.212699,106.96315,Senayan,20,770,72.2,0,Medium,21.2
2024-02-21 16:00:00,2024-02-21,16:00,Jl. Satrio - Mega Kuningan,-6.311796,106.806502,Kemang,9,278,83.6,0,Low,74.0
2024-02-21 20:00:00,2024-02-21,20:00,Jl. Yos Sudarso - Sunter,-6.290911,106.843112,Blok M,14,435,83.4,0,Low,43.6
2024-02-21 23:00:00,2024-02-21,23:00,Jl. Trunojoyo - Kebayoran,-6.25295,106.985902,Menteng,4,88,97.1,0,Low,80.0
2024-02-22 00:30:00,2024-02-22,00:30,Jl. Pantai Indah Kapuk - PIK,-6.213754,106.91665,Sudirman,9,243,89.4,0,Low,80.0
2024-02-22 01:30:00,2024-02-22,01:30,Jl. Raden Saleh - Salemba,-6.29455,106.702558,Cawang,2,52,91.1,0,Low,80.0
2024-02-22 03:00:00,2024-02-22,03:00,Jl. Diponegoro - Cikini,-6.190713,106.82378,Kelapa Gading,4,106,90.3,0,Low,74.1
2024-02-22 04:00:00,2024-02-22,04:00,Jl. Tendean - Mampang,-6.248301,106.959944,Sudirman,4,107,89.7,0,Low,80.0
2024-02-22 05:00:00,2024-02-22,05:00,Jl. Satrio - Mega Kuningan,-6.311796,106.806502,Kemang,4,99,92.9,0,Low,80.0
2024-02-22 12:30:00,2024-02-22,12:30,Jl. Pluit - Muara Karang,-6.209726,106.804216,Pluit,11,357,81.3,0,Medium,50.5
2024-02-23 01:00:00,2024-02-23,01:00,Jl. Raya Kamal - Penjaringan,-6.239156,106.967801,Senen,1,26,90.8,0,Low,80.0
2024-02-23 01:00:00,2024-02-23,01:00,Jl. Rasuna Said - Setiabudi,-6.134657,106.923223,Sunter,4,90,96.2,0,Low,80.0
2024-02-23 02:00:00,2024-02-23,02:00,Jl. Gajah Mada - Mangga Dua,-6.160784,106.967608,Blok M,2,43,97.6,0,Low,80.0
2024-02-23 07:00:00,2024-02-23,07:00,Jl. Warung Buncit - Pejaten,-6.189791,106.990807,Kelapa Gading,9,328,75.4,0,Medium,21.1
2024-02-23 07:30:00,2024-02-23,07:30,Jl. Asia Afrika - Gelora Bung Karno,-6.247468,106.769042,Depok,17,618,75.5,0,Medium,22.5
2024-02-23 11:30:00,2024-02-23,11:30,Jl. Satrio - Mega Kuningan,-6.311796,106.806502,Kemang,11,307,88.1,0,Low,35.4
2024-02-23 13:00:00,2024-02-23,13:00,Jl. Proklamasi - Menteng,-6.30321,106.824834,Kuningan,3,87,86.7,0,Low,41.5
2024-02-23 15:30:00,2024-02-23,15:30,Jl. Kelapa Gading Boulevard,-6.338097,106.915145,Cakung,1,30,84.9,0,Low,53.6
2024-02-23 23:30:00,2024-02-23,23:30,Jl. Thamrin - Monas,-6.307573,106.808325,Senayan,2,45,96.2,0,Low,80.0
2024-02-24 05:00:00,2024-02-24,05:00,Jl. Kramat Raya - Senen,-6.286055,106.77422,PIK,3,76,91.8,0,Low,80.0
2024-02-24 06:30:00,2024-02-24,06:30,Jl. Fatmawati - Cipete,-6.304548,106.787167,Pluit,4,88,97.1,0,Low,80.0
2024-02-24 11:30:00,2024-02-24,11:30,Jl. Senopati - Kebayoran Baru,-6.101548,106.969055,PIK,12,414,78.2,0,Medium,48.3
2024-02-24 13:00:00,2024-02-24,13:00,Jl. Raya Condet - Balekambang,-6.194614,106.715079,Slipi,7,207,85.6,0,Low,56.9
2024-02-24 16:00:00,2024-02-24,16:00,Jl. Bypass - Cibubur,-6.113984,106.955501,Mangga Dua,6,201,79.7,0,Medium,60.1
2024-02-24 21:30:00,2024-02-24,21:30,Jl. Jend. Gatot Subroto - Slipi,-6.274291,106.902045,Bekasi,5,126,92.1,0,Low,80.0
2024-02-24 23:30:00,2024-02-24,23:30,Jl. Daan Mogot - Grogol,-6.311875,106.891804,Menteng,5,126,92.3,0,Low,80.0
2024-02-25 17:30:00,2024-02-25,17:30,Jl. Metro Pondok Indah - Ciputat,-6.120604,106.708881,Tangerang,11,374,79.0,0,Medium,43.5
2024-02-26 01:30:00,2024-02-26,01:30,Jl. Ciledug - Tangerang,-6.212699,106.96315,Senayan,2,44,97.1,0,Low,80.0
2024-02-26 03:00:00,2024-02-26,03:00,Jl. Gatot Subroto - Kuningan,-6.22945,106.714205,Kuningan,3,78,91.0,0,Low,76.5
2024-02-26 05:30:00,2024-02-26,05:30,Jl. Suryo - Senopati,-6.209467,106.921182,Tangerang,5,118,94.5,0,Low,80.0
2024-02-26 08:30:00,2024-02-26,08:30,Jl. Tendean - Mampang,-6.248301,106.959944,Sudirman,10,384,72.5,0,Medium,29.7
2024-02-26 10:00:00,2024-02-26,10:00,Jl. Senopati - Kebayoran Baru,-6.101548,106.969055,PIK,12,340,87.5,0,Low,62.6
2024-02-26 12:00:00,2024-02-26,12:00,Jl. Fatmawati - Cipete,-6.304548,106.787167,Pluit,9,270,85.1,0,Low,61.4
2024-02-26 12:30:00,2024-02-26,12:30,Jl. Suryo - Senopati,-6.209467,106.921182,Tangerang,7,218,83.3,0,Low,45.3
2024-02-26 20:30:00,2024-02-26,20:30,Jl. Pondok Indah - Pondok Pinang,-6.342138,106.750299,Blok M,11,308,88.0,0,Low,80.0
2024-02-26 23:30:00,2024-02-26,23:30,Jl. Raya Bogor - Cibubur,-6.309112,106.979063,Cibubur,2,51,91.6,0,Low,80.0
2024-02-27 00:30:00,2024-02-27,00:30,Jl. Raya Bogor - Cibubur,-6.309112,106.979063,Cibubur,3,67,96.3,0,Low,80.0
2024-02-27 05:00:00,2024-02-27,05:00,Jl. Bypass - Cibubur,-6.113984,106.955501,Mangga Dua,2,46,95.3,0,Low,80.0
2024-02-27 15:00:00,2024-02-27,15:00,Jl. HR Rasuna Said - Casablanca,-6.270683,106.776612,Cawang,15,443,85.7,0,Low,49.7
2024-02-27 18:00:00,2024-02-27,18:00,Jl. Jend. Gatot Subroto - Slipi,-6.274291,106.902045,Bekasi,9,380,66.6,0,Medium,35.3
2024-02-27 22:00:00,2024-02-27,22:00,Jl. Satrio - Mega Kuningan,-6.311796,106.806502,Kemang,8,246,83.8,0,Low,80.0
2024-02-28 02:00:00,2024-02-28,02:00,Jl. KS Tubun - Slipi,-6.132922,106.873482,Senen,4,103,91.4,0,Low,80.0
2024-02-28 07:00:00,2024-02-28,07:00,Jl. Daan Mogot - Grogol,-6.311875,106.891804,Menteng,18,669,74.3,0,Medium,33.9
2024-02-28 07:00:00,2024-02-28,07:00,Jl. MT Haryono - Cawang,-6.330828,106.709375,Depok,8,299,74.0,0,Medium,23.7
2024-02-28 11:30:00,2024-02-28,11:30,Jl. Perintis Kemerdekaan - Cakung,-6.157094,106.797319,Kelapa Gading,18,590,80.8,0,Medium,73.1
2024-02-28 15:00:00,2024-02-28,15:00,Jl. Gajah Mada - Mangga Dua,-6.160784,106.967608,Blok M,7,223,82.2,0,Low,22.2
2024-02-28 17:00:00,2024-02-28,17:00,Jl. Pasar Minggu - Lenteng Agung,-6.232437,106.878927,Senayan,22,922,67.1,0,Medium,22.7
2024-02-28 20:00:00,2024-02-28,20:00,Jl. Sudirman - Bundaran HI,-6.34447,106.892254,Depok,10,273,89.0,0,Low,38.5
2024-02-28 21:30:00,2024-02-28,21:30,Jl. Gajah Mada - Mangga Dua,-6.160784,106.967608,Blok M,4,109,89.1,0,Low,47.9
2024-02-29 05:30:00,2024-02-29,05:30,Jl. Warung Buncit - Pejaten,-6.189791,106.990807,Kelapa Gading,3,70,95.0,0,Low,80.0
2024-02-29 07:30:00,2024-02-29,07:30,Jl. Alternatif Cibubur - Depok,-6.17444,106.922457,PIK,30,1145,72.8,0,Medium,38.5
2024-02-29 09:30:00,2024-02-29,09:30,Jl. Proklamasi - Menteng,-6.30321,106.824834,Kuningan,10,388,71.7,0,Medium,42.7
2024-02-29 13:30:00,2024-02-29,13:30,Jl. Pondok Indah - Pondok Pinang,-6.342138,106.750299,Blok M,10,302,84.8,0,Low,52.6
2024-02-29 16:30:00,2024-02-29,16:30,Jl. Pasar Minggu - Lenteng Agung,-6.232437,106.878927,Senayan,7,216,83.7,0,Low,60.8
2024-02-29 20:00:00,2024-02-29,20:00,Jl. Jend. Gatot Subroto - Slipi,-6.274291,106.902045,Bekasi,5,135,89.5,0,Low,39.6
2024-02-29 20:00:00,2024-02-29,20:00,Jl. Jend. Sudirman - Semanggi,-6.236244,106.858119,Slipi,4,107,89.8,0,Low,43.9
2024-03-01 00:00:00,2024-03-01,00:00,Jl. Pemuda - Senen,-6.329711,106.821784,Menteng,3,68,95.9,0,Low,80.0
2024-03-01 00:30:00,2024-03-01,00:30,Jl. Satrio - Mega Kuningan,-6.311796,106.806502,Kemang,3,82,88.9,0,Low,77.7
2024-03-01 14:00:00,2024-03-01,14:00,Jl. Pondok Indah - Pondok Pinang,-6.342138,106.750299,Blok M,4,117,86.1,0,Low,58.0
2024-03-01 16:00:00,2024-03-01,16:00,Jl. Satrio - Mega Kuningan,-6.311796,106.806502,Kemang,6,195,81.3,0,Medium,66.4
2024-03-02 01:30:00,2024-03-02,01:30,Jl. Raya Bogor - Citereup,-6.213028,106.910585,Bekasi,4,99,92.8,0,Low,80.0
2024-03-02 06:30:00,2024-03-02,06:30,Jl. Warung Buncit - Pejaten,-6.189791,106.990807,Kelapa Gading,3,64,98.1,0,Low,80.0
2024-03-02 13:00:00,2024-03-02,13:00,Jl. Diponegoro - Cikini,-6.190713,106.82378,Kelapa Gading,2,60,84.8,0,Low,49.5
2024-03-02 13:30:00,2024-03-02,13:30,Jl. Raya Bogor - Cibubur,-6.309112,106.979063,Cibubur,7,216,83.7,0,Low,41.8
2024-03-03 05:00:00,2024-03-03,05:00,Jl. Jend. Sudirman - Semanggi,-6.236244,106.858119,Slipi,4,101,92.3,0,Low,80.0
2024-03-03 09:00:00,2024-03-03,09:00,Jl. Diponegoro - Cikini,-6.190713,106.82378,Kelapa Gading,5,105,98.4,0,Low,80.0
2024-03-03 15:00:00,2024-03-03,15:00,Jl. Perintis Kemerdekaan - Cakung,-6.157094,106.797319,Kelapa Gading,14,449,81.9,0,Medium,25.0
2024-03-04 05:00:00,2024-03-04,05:00,Jl. Raya Meruya - Kembangan,-6.207135,106.763742,Cakung,3,83,88.7,0,Low,80.0
2024-03-04 10:30:00,2024-03-04,10:30,Jl. Pluit - Muara Karang,-6.209726,106.804216,Pluit,6,180,85.1,0,Low,57.1
2024-03-04 13:30:00,2024-03-04,13:30,Jl. Trunojoyo - Kebayoran,-6.25295,106.985902,Menteng,17,564,80.3,0,Medium,53.1
2024-03-04 16:30:00,2024-03-04,16:30,Jl. Gatot Subroto - Kuningan,-6.22945,106.714205,Kuningan,10,294,85.9,0,Low,49.5
2024-03-04 17:30:00,2024-03-04,17:30,Jl. Warung Buncit - Pejaten,-6.189791,106.990807,Kelapa Gading,14,590,66.8,0,Medium,32.3
2024-03-05 05:00:00,2024-03-05,05:00,Jl. Casablanca - Kampung Melayu,-6.349356,106.862667,Sudirman,5,118,94.5,0,Low,80.0
2024-03-05 06:00:00,2024-03-05,06:00,Jl. Kemang Raya - Bangka,-6.25665,106.867567,Kemang,2,54,89.7,0,Low,80.0
2024-03-05 15:00:00,2024-03-05,15:00,Jl. Pasar Minggu - Lenteng Agung,-6.232437,106.878927,Senayan,8,251,82.9,0,Low,60.7
2024-03-05 17:00:00,2024-03-05,17:00,Jl. I Gusti Ngurah Rai - Cilincing,-6.220578,106.809532,Cibubur,6,248,67.9,1,Medium,10.3
2024-03-05 17:30:00,2024-03-05,17:30,Jl. Suryo - Senopati,-6.209467,106.921182,Tangerang,10,423,66.5,0,Medium,32.4
2024-03-05 23:00:00,2024-03-05,23:00,Jl. Gajah Mada - Mangga Dua,-6.160784,106.967608,Blok M,3,75,92.5,0,Low,80.0
2024-03-06 01:00:00,2024-03-06,01:00,Jl. Pemuda - Senen,-6.329711,106.821784,Menteng,3,79,90.6,0,Low,80.0
2024-03-06 10:30:00,2024-03-06,10:30,Jl. Pondok Indah - Pondok Pinang,-6.342138,106.750299,Blok M,5,164,80.7,0,Medium,69.2
2024-03-06 20:30:00,2024-03-06,20:30,Jl. Raya Bogor - Cibubur,-6.309112,106.979063,Cibubur,4,104,91.0,0,Low,80.0
2024-03-06 21:00:00,2024-03-06,21:00,Jl. Jend. Sudirman - Semanggi,-6.236244,106.858119,Slipi,8,211,90.4,0,Low,80.0
2024-03-07 07:30:00,2024-03-07,07:30,Jl. Ciledug - Tangerang,-6.212699,106.96315,Senayan,18,743,68.1,0,Medium,18.7
2024-03-08 08:30:00,2024-03-08,08:30,Jl. Pantai Indah Kapuk - PIK,-6.213754,106.91665,Sudirman,16,670,67.2,0,Medium,30.1
2024-03-08 09:30:00,2024-03-08,09:30,Jl. Suryo - Senopati,-6.209467,106.921182,Tangerang,11,458,67.6,0,Medium,38.2
2024-03-08 10:00:00,2024-03-08,10:00,Jl. Fatmawati - Cipete,-6.304548,106.787167,Pluit,11,311,87.6,0,Low,50.3
2024-03-09 02:00:00,2024-03-09,02:00,Jl. Kramat Raya - Senen,-6.286055,106.77422,PIK,1,22,97.7,0,Low,80.0
2024-03-09 02:00:00,2024-03-09,02:00,Jl. Sudirman - Bundaran HI,-6.34447,106.892254,Depok,4,107,89.9,0,Low,80.0
2024-03-09 09:00:00,2024-03-09,09:00,Jl. Daan Mogot - Grogol,-6.311875,106.891804,Menteng,4,90,96.4,0,Low,80.0
2024-03-10 03:30:00,2024-03-10,03:30,Jl. Warung Buncit - Pejaten,-6.189791,106.990807,Kelapa Gading,5,129,91.3,0,Low,80.0
2024-03-10 11:30:00,2024-03-10,11:30,Jl. Senopati - Kebayoran Baru,-6.101548,106.969055,PIK,7,221,82.5,0,Low,45.3
2024-03-10 12:00:00,2024-03-10,12:00,Jl. Alternatif Cibubur - Depok,-6.17444,106.922457,PIK,6,199,80.2,0,Medium,59.9
2024-03-11 03:30:00,2024-03-11,03:30,Jl. Raden Saleh - Salemba,-6.29455,106.702558,Cawang,4,98,93.2,0,Low,80.0
2024-03-11 12:00:00,2024-03-11,12:00,Jl. Boulevard Raya - Kelapa Gading,-6.269007,106.813587,Tangerang,2,63,82.7,0,Low,52.6
2024-03-11 16:30:00,2024-03-11,16:30,Jl. Satrio - Mega Kuningan,-6.311796,106.806502,Kemang,12,335,88.1,0,Low,57.5
2024-03-11 17:30:00,2024-03-11,17:30,Jl. I Gusti Ngurah Rai - Cilincing,-6.220578,106.809532,Cibubur,11,418,73.1,0,Medium,23.9
2024-03-11 18:30:00,2024-03-11,18:30,Jl. KS Tubun - Slipi,-6.132922,106.873482,Senen,12,450,73.8,0,Medium,31.6
2024-03-11 19:00:00,2024-03-11,19:00,Jl. Raden Saleh - Salemba,-6.29455,106.702558,Cawang,14,575,68.4,0,Medium,30.3
2024-03-11 21:30:00,2024-03-11,21:30,Jl. Raya Kamal - Penjaringan,-6.239156,106.967801,Senen,8,247,83.6,0,Low,33.2
2024-03-12 01:30:00,2024-03-12,01:30,Jl. Jend. Gatot Subroto - Slipi,-6.274291,106.902045,Bekasi,5,131,90.6,0,Low,80.0
2024-03-12 04:00:00,2024-03-12,04:00,Jl. KS Tubun - Slipi,-6.132922,106.873482,Senen,4,92,95.7,0,Low,80.0
2024-03-12 04:30:00,2024-03-12,04:30,Jl. Metro Pondok Indah - Ciputat,-6.120604,106.708881,Tangerang,2,52,91.2,0,Low,80.0
2024-03-12 07:00:00,2024-03-12,07:00,Jl. Ciledug - Tangerang,-6.212699,106.96315,Senayan,27,1004,74.2,0,Medium,19.7
2024-03-12 10:00:00,2024-03-12,10:00,Jl. Perintis Kemerdekaan - Cakung,-6.157094,106.797319,Kelapa Gading,4,117,86.1,0,Low,57.5
2024-03-12 16:30:00,2024-03-12,16:30,Jl. Perintis Kemerdekaan - Cakung,-6.157094,106.797319,Kelapa Gading,8,265,80.3,0,Medium,66.1
2024-03-12 23:00:00,2024-03-12,23:00,Jl. TB Simatupang - Ciracas,-6.228116,106.832055,Mangga Dua,6,152,92.0,0,Low,80.0
2024-03-13 01:30:00,2024-03-13,01:30,Jl. Casablanca - Kampung Melayu,-6.349356,106.862667,Sudirman,4,98,93.4,0,Low,80.0
2024-03-13 02:30:00,2024-03-13,02:30,Jl. Casablanca - Kampung Melayu,-6.349356,106.862667,Sudirman,0,0,95.0,0,Low,80.0
2024-03-13 06:30:00,2024-03-13,06:30,Jl. Raya Bogor - Citereup,-6.213028,106.910585,Bekasi,4,105,90.7,0,Low,80.0
2024-03-13 08:00:00,2024-03-13,08:00,Jl. Kelapa Gading Boulevard,-6.338097,106.915145,Cakung,15,608,69.2,0,Medium,38.3
2024-03-13 13:00:00,2024-03-13,13:00,Jl. Fatmawati - Cipete,-6.304548,106.787167,Pluit,9,275,84.2,0,Low,40.4
2024-03-13 22:00:00,2024-03-13,22:00,Jl. Satrio - Mega Kuningan,-6.311796,106.806502,Kemang,6,152,91.9,0,Low,53.9
2024-03-14 01:00:00,2024-03-14,01:00,Jl. Alternatif Cibubur - Depok,-6.17444,106.922457,PIK,3,83,88.7,0,Low,80.0
2024-03-14 06:00:00,2024-03-14,06:00,Jl. Boulevard Raya - Kelapa Gading,-6.269007,106.813587,Tangerang,2,53,90.2,0,Low,80.0
2024-03-14 06:00:00,2024-03-14,06:00,Jl. Pluit - Muara Karang,-6.209726,106.804216,Pluit,4,102,91.8,0,Low,80.0
2024-03-14 15:30:00,2024-03-14,15:30,Jl. Tendean - Mampang,-6.248301,106.959944,Sudirman,8,264,80.6,0,Medium,52.3
2024-03-14 17:00:00,2024-03-14,17:00,Jl. Boulevard Raya - Kelapa Gading,-6.269007,106.813587,Tangerang,16,620,71.9,0,Medium,17.4
2024-03-15 00:30:00,2024-03-15,00:30,Jl. Raya Kebayoran - Blok M,-6.254827,106.866697,Grogol,5,132,90.3,0,Low,80.0
2024-03-15 02:30:00,2024-03-15,02:30,Jl. Metro Pondok Indah - Ciputat,-6.120604,106.708881,Tangerang,2,51,91.7,0,Low,80.0
2024-03-15 05:00:00,2024-03-15,05:00,Jl. TB Simatupang - Ciracas,-6.228116,106.832055,Mangga Dua,2,48,93.9,0,Low,80.0
2024-03-15 05:30:00,2024-03-15,05:30,Jl. Pantai Indah Kapuk - PIK,-6.213754,106.91665,Sudirman,2,51,92.1,0,Low,74.1
2024-03-15 08:30:00,2024-03-15,08:30,Jl. Pondok Indah - Pondok Pinang,-6.342138,106.750299,Blok M,8,306,72.6,0,Medium,15.7
2024-03-15 13:00:00,2024-03-15,13:00,Jl. Trunojoyo - Kebayoran,-6.25295,106.985902,Menteng,10,326,81.0,0,Medium,70.9
2024-03-15 14:00:00,2024-03-15,14:00,Jl. Senopati - Kebayoran Baru,-6.101548,106.969055,PIK,8,232,86.5,0,Low,65.4
2024-03-15 17:00:00,2024-03-15,17:00,Jl. Casablanca - Kampung Melayu,-6.349356,106.862667,Sudirman,2,84,66.8,0,Medium,36.5
2024-03-15 21:00:00,2024-03-15,21:00,Jl. TB Simatupang - Ciracas,-6.228116,106.832055,Mangga Dua,9,253,87.8,0,Low,31.7
2024-03-16 06:30:00,2024-03-16,06:30,Jl. KS Tubun - Slipi,-6.132922,106.873482,Senen,6,152,91.9,0,Low,80.0
2024-03-16 17:30:00,2024-03-16,17:30,Jl. TB Simatupang - Ciracas,-6.228116,106.832055,Mangga Dua,7,220,82.8,0,Low,59.6
2024-03-16 17:30:00,2024-03-16,17:30,Jl. Fatmawati - Cipete,-6.304548,106.787167,Pluit,6,181,84.8,0,Low,43.7
2024-03-16 20:00:00,2024-03-16,20:00,Jl. Trunojoyo - Kebayoran,-6.25295,106.985902,Menteng,19,574,84.7,0,Low,20.7
2024-03-16 23:00:00,2024-03-16,23:00,Jl. Warung Buncit - Pejaten,-6.189791,106.990807,Kelapa Gading,3,64,97.8,0,Low,80.0
2024-03-17 02:30:00,2024-03-17,02:30,Jl. TB Simatupang - Ciracas,-6.228116,106.832055,Mangga Dua,4,95,94.2,0,Low,80.0
2024-03-17 04:00:00,2024-03-17,04:00,Jl. MT Haryono - Cawang,-6.330828,106.709375,Depok,2,44,96.8,0,Low,80.0
2024-03-17 07:00:00,2024-03-17,07:00,Jl. Rasuna Said - Setiabudi,-6.134657,106.923223,Sunter,3,72,94.1,0,Low,80.0
2024-03-17 09:00:00,2024-03-17,09:00,Jl. Senopati - Kebayoran Baru,-6.101548,106.969055,PIK,6,128,98.0,0,Low,80.0
2024-03-17 10:00:00,2024-03-17,10:00,Jl. Suryo - Senopati,-6.209467,106.921182,Tangerang,7,230,80.8,0,Medium,34.7
2024-03-17 11:00:00,2024-03-17,11:00,Jl. Raya Kamal - Penjaringan,-6.239156,106.967801,Senen,14,454,81.3,0,Medium,34.1
2024-03-17 11:30:00,2024-03-17,11:30,Jl. Diponegoro - Cikini,-6.190713,106.82378,Kelapa Gading,7,218,83.2,0,Low,59.1
2024-03-17 13:30:00,2024-03-17,13:30,Jl. Raya Meruya - Kembangan,-6.207135,106.763742,Cakung,11,349,82.4,0,Low,37.9
2024-03-17 22:00:00,2024-03-17,22:00,Jl. Pluit - Muara Karang,-6.209726,106.804216,Pluit,2,53,90.3,0,Low,80.0
2024-03-18 03:30:00,2024-03-18,03:30,Jl. Hayam Wuruk - Harmoni,-6.335259,106.789533,Sunter,1,27,89.7,0,Low,80.0
2024-03-18 09:00:00,2024-03-18,09:00,Jl. MT Haryono - Cawang,-6.330828,106.709375,Depok,8,326,68.9,0,Medium,38.6
2024-03-18 12:30:00,2024-03-18,12:30,Jl. Raya Bogor - Citereup,-6.213028,106.910585,Bekasi,8,237,85.5,0,Low,72.6
2024-03-18 15:00:00,2024-03-18,15:00,Jl. OTT - Cipayung,-6.107017,106.860825,Mangga Dua,14,441,82.7,0,Low,71.7
2024-03-18 23:30:00,2024-03-18,23:30,Jl. Raya Meruya - Kembangan,-6.207135,106.763742,Cakung,3,77,91.7,0,Low,80.0
2024-03-19 00:30:00,2024-03-19,00:30,Jl. Pasar Minggu - Lenteng Agung,-6.232437,106.878927,Senayan,4,100,92.7,0,Low,80.0
2024-03-19 01:00:00,2024-03-19,01:00,Jl. Kelapa Gading Boulevard,-6.338097,106.915145,Cakung,3,69,95.6,0,Low,80.0
2024-03-19 03:30:00,2024-03-19,03:30,Jl. Jend. Gatot Subroto - Slipi,-6.274291,106.902045,Bekasi,4,91,96.0,0,Low,80.0
2024-03-19 11:00:00,2024-03-19,11:00,Jl. Pemuda - Senen,-6.329711,106.821784,Menteng,2,67,80.0,0,Medium,59.4
2024-03-19 15:00:00,2024-03-19,15:00,Jl. Tendean - Mampang,-6.248301,106.959944,Sudirman,7,201,87.0,0,Low,62.1
2024-03-20 08:30:00,2024-03-20,08:30,Jl. HR Rasuna Said - Casablanca,-6.270683,106.776612,Cawang,26,1035,70.3,0,Medium,40.8
2024-03-20 13:30:00,2024-03-20,13:30,Jl. Casablanca - Kampung Melayu,-6.349356,106.862667,Sudirman,10,306,84.1,0,Low,32.7
2024-03-20 14:30:00,2024-03-20,14:30,Jl. Daan Mogot - Grogol,-6.311875,106.891804,Menteng,3,87,86.7,0,Low,46.1
2024-03-20 15:30:00,2024-03-20,15:30,Jl. Daan Mogot - Grogol,-6.311875,106.891804,Menteng,12,340,87.5,0,Low,41.1
2024-03-20 15:30:00,2024-03-20,15:30,Jl. Jend. Sudirman - Semanggi,-6.236244,106.858119,Slipi,6,189,82.7,0,Low,48.7
2024-03-21 01:30:00,2024-03-21,01:30,Jl. Jend. Sudirman - Semanggi,-6.236244,106.858119,Slipi,3,72,93.8,0,Low,80.0
2024-03-21 02:00:00,2024-03-21,02:00,Jl. OTT - Cipayung,-6.107017,106.860825,Mangga Dua,4,90,96.4,0,Low,80.0
2024-03-21 03:00:00,2024-03-21,03:00,Jl. Hayam Wuruk - Harmoni,-6.335259,106.789533,Sunter,5,121,93.7,0,Low,76.4
2024-03-21 06:00:00,2024-03-21,06:00,Jl. Tendean - Mampang,-6.248301,106.959944,Sudirman,5,118,94.6,0,Low,80.0
2024-03-21 10:00:00,2024-03-21,10:00,Jl. Thamrin - Monas,-6.307573,106.808325,Senayan,10,325,81.2,0,Medium,26.9
2024-03-21 14:00:00,2024-03-21,14:00,Jl. Proklamasi - Menteng,-6.30321,106.824834,Kuningan,10,306,84.1,0,Low,42.8
2024-03-22 01:30:00,2024-03-22,01:30,Jl. Boulevard Raya - Kelapa Gading,-6.269007,106.813587,Tangerang,3,69,95.7,0,Low,80.0
2024-03-22 14:00:00,2024-03-22,14:00,Jl. Jend. Gatot Subroto - Slipi,-6.274291,106.902045,Bekasi,8,232,86.5,0,Low,47.1
2024-03-22 21:30:00,2024-03-22,21:30,Jl. Sudirman - Bundaran HI,-6.34447,106.892254,Depok,3,91,84.3,0,Low,49.0
2024-03-22 23:00:00,2024-03-22,23:00,Jl. Raden Saleh - Salemba,-6.29455,106.702558,Cawang,4,94,94.7,0,Low,80.0
2024-03-22 23:30:00,2024-03-22,23:30,Jl. Raya Meruya - Kembangan,-6.207135,106.763742,Cakung,2,47,94.5,0,Low,80.0
2024-03-23 02:00:00,2024-03-23,02:00,Jl. Diponegoro - Cikini,-6.190713,106.82378,Kelapa Gading,2,46,95.6,0,Low,80.0
2024-03-23 15:00:00,2024-03-23,15:00,Jl. Pasar Minggu - Lenteng Agung,-6.232437,106.878927,Senayan,10,337,79.5,0,Medium,20.5
2024-03-23 16:00:00,2024-03-23,16:00,Jl. Pantai Indah Kapuk - PIK,-6.213754,106.91665,Sudirman,9,287,82.1,0,Low,24.4
2024-03-23 18:30:00,2024-03-23,18:30,Jl. Boulevard Raya - Kelapa Gading,-6.269007,106.813587,Tangerang,4,120,85.2,0,Low,25.5
2024-03-24 01:00:00,2024-03-24,01:00,Jl. Rasuna Said - Setiabudi,-6.134657,106.923223,Sunter,5,116,95.3,0,Low,80.0
2024-03-24 02:00:00,2024-03-24,02:00,Jl. Kalibata - Jati Padang,-6.153436,106.706045,Grogol,4,93,95.1,0,Low,80.0
2024-03-24 10:00:00,2024-03-24,10:00,Jl. Gatot Subroto - Kuningan,-6.22945,106.714205,Kuningan,6,174,86.6,0,Low,52.5
2024-03-24 13:00:00,2024-03-24,13:00,Jl. Casablanca - Kampung Melayu,-6.349356,106.862667,Sudirman,9,269,85.1,0,Low,55.1
2024-03-25 00:30:00,2024-03-25,00:30,Jl. Pantai Indah Kapuk - PIK,-6.213754,106.91665,Sudirman,3,75,92.4,0,Low,80.0
2024-03-25 03:00:00,2024-03-25,03:00,Jl. Yos Sudarso - Sunter,-6.290911,106.843112,Blok M,6,133,96.8,0,Low,80.0
2024-03-25 03:00:00,2024-03-25,03:00,Jl. Pantai Indah Kapuk - PIK,-6.213754,106.91665,Sudirman,2,44,96.8,0,Low,80.0
2024-03-25 13:30:00,2024-03-25,13:30,Jl. Perintis Kemerdekaan - Cakung,-6.157094,106.797319,Kelapa Gading,8,231,86.7,0,Low,58.8
2024-03-25 19:30:00,2024-03-25,19:30,Jl. Hayam Wuruk - Harmoni,-6.335259,106.789533,Sunter,10,383,72.5,1,Medium,13.3
2024-03-25 21:00:00,2024-03-25,21:00,Jl. Metro Pondok Indah - Ciputat,-6.120604,106.708881,Tangerang,5,150,85.1,0,Low,38.2
2024-03-26 08:30:00,2024-03-26,08:30,Jl. Jend. Sudirman - Semanggi,-6.236244,106.858119,Slipi,11,434,70.8,0,Medium,40.8
2024-03-26 14:30:00,2024-03-26,14:30,Jl. Proklamasi - Menteng,-6.30321,106.824834,Kuningan,11,311,87.6,0,Low,44.9
2024-03-26 18:00:00,2024-03-26,18:00,Jl. Gatot Subroto - Kuningan,-6.22945,106.714205,Kuningan,2,86,65.3,0,Medium,26.4
2024-03-26 21:00:00,2024-03-26,21:00,Jl. Metro Pondok Indah - Ciputat,-6.120604,106.708881,Tangerang,4,111,88.5,0,Low,80.0
2024-03-27 00:30:00,2024-03-27,00:30,Jl. Raya Kamal - Penjaringan,-6.239156,106.967801,Senen,3,78,91.1,0,Low,80.0
2024-03-27 03:30:00,2024-03-27,03:30,Jl. Rasuna Said - Setiabudi,-6.134657,106.923223,Sunter,2,51,92.1,0,Low,80.0
2024-03-27 04:00:00,2024-03-27,04:00,Jl. Raya Meruya - Kembangan,-6.207135,106.763742,Cakung,4,105,90.7,0,Low,80.0
2024-03-27 07:30:00,2024-03-27,07:30,Jl. Hayam Wuruk - Harmoni,-6.335259,106.789533,Sunter,17,636,73.8,0,Medium,16.2
2024-03-27 08:00:00,2024-03-27,08:00,Jl. Raya Bogor - Citereup,-6.213028,106.910585,Bekasi,15,608,69.2,0,Medium,36.2
2024-03-27 09:30:00,2024-03-27,09:30,Jl. Satrio - Mega Kuningan,-6.311796,106.806502,Kemang,6,244,69.1,0,Medium,20.8
2024-03-27 09:30:00,2024-03-27,09:30,Jl. Pemuda - Senen,-6.329711,106.821784,Menteng,11,403,75.0,0,Medium,38.7
2024-03-27 15:00:00,2024-03-27,15:00,Jl. Boulevard Raya - Kelapa Gading,-6.269007,106.813587,Tangerang,9,266,85.7,0,Low,66.6
2024-03-27 19:00:00,2024-03-27,19:00,Jl. Gatot Subroto - Kuningan,-6.22945,106.714205,Kuningan,21,869,68.0,0,Medium,39.6
2024-03-27 23:00:00,2024-03-27,23:00,Jl. Tendean - Mampang,-6.248301,106.959944,Sudirman,3,78,91.0,0,Low,80.0
2024-03-28 00:30:00,2024-03-28,00:30,Jl. Thamrin - Monas,-6.307573,106.808325,Senayan,4,92,95.6,0,Low,74.4
2024-03-28 09:00:00,2024-03-28,09:00,Jl. Senopati - Kebayoran Baru,-6.101548,106.969055,PIK,17,709,67.5,0,Medium,28.3
2024-03-28 14:00:00,2024-03-28,14:00,Jl. I Gusti Ngurah Rai - Cilincing,-6.220578,106.809532,Cibubur,13,411,82.6,0,Low,57.0
2024-03-28 17:30:00,2024-03-28,17:30,Jl. Diponegoro - Cikini,-6.190713,106.82378,Kelapa Gading,9,366,68.9,0,Medium,22.1
2024-03-28 18:00:00,2024-03-28,18:00,Jl. Pantai Indah Kapuk - PIK,-6.213754,106.91665,Sudirman,16,655,68.6,0,Medium,27.2
2024-03-28 22:30:00,2024-03-28,22:30,Jl. Satrio - Mega Kuningan,-6.311796,106.806502,Kemang,6,168,87.9,0,Low,80.0
2024-03-28 22:30:00,2024-03-28,22:30,Jl. Pasar Minggu - Lenteng Agung,-6.232437,106.878927,Senayan,3,87,86.6,0,Low,60.3
2024-03-28 22:30:00,2024-03-28,22:30,Jl. Raya Bogor - Cibubur,-6.309112,106.979063,Cibubur,3,92,84.0,0,Low,80.0
2024-03-29 00:30:00,2024-03-29,00:30,Jl. Jend. Gatot Subroto - Slipi,-6.274291,106.902045,Bekasi,4,98,93.4,0,Low,80.0
2024-03-29 08:30:00,2024-03-29,08:30,Jl. Pemuda - Senen,-6.329711,106.821784,Menteng,19,693,75.3,0,Medium,25.1
2024-03-29 10:00:00,2024-03-29,10:00,Jl. Yos Sudarso - Sunter,-6.290911,106.843112,Blok M,11,366,80.1,0,Medium,45.0
2024-03-29 10:00:00,2024-03-29,10:00,Jl. Metro Pondok Indah - Ciputat,-6.120604,106.708881,Tangerang,5,159,82.2,0,Low,41.7
2024-03-29 15:00:00,2024-03-29,15:00,Jl. Thamrin - Monas,-6.307573,106.808325,Senayan,2,64,82.1,0,Low,49.7
2024-03-29 15:30:00,2024-03-29,15:30,Jl. Bypass - Cibubur,-6.113984,106.955501,Mangga Dua,12,357,85.4,0,Low,35.3
2024-03-29 17:00:00,2024-03-29,17:00,Jl. Gajah Mada - Mangga Dua,-6.160784,106.967608,Blok M,18,765,66.2,0,Medium,20.0
2024-03-29 19:30:00,2024-03-29,19:30,Jl. Yos Sudarso - Sunter,-6.290911,106.843112,Blok M,3,123,68.5,0,Medium,20.0
2024-03-30 00:30:00,2024-03-30,00:30,Jl. Trunojoyo - Kebayoran,-6.25295,106.985902,Menteng,3,74,93.0,0,Low,80.0
2024-03-30 01:00:00,2024-03-30,01:00,Jl. Senopati - Kebayoran Baru,-6.101548,106.969055,PIK,3,65,97.3,0,Low,80.0
2024-03-30 12:30:00,2024-03-30,12:30,Jl. Hayam Wuruk - Harmoni,-6.335259,106.789533,Sunter,9,280,83.3,0,Low,56.7
2024-03-30 15:00:00,2024-03-30,15:00,Jl. Satrio - Mega Kuningan,-6.311796,106.806502,Kemang,8,254,82.3,0,Low,48.7
2024-03-30 16:30:00,2024-03-30,16:30,Jl. Hayam Wuruk - Harmoni,-6.335259,106.789533,Sunter,6,188,82.9,0,Low,30.2
2024-03-30 21:00:00,2024-03-30,21:00,Jl. Raya Bogor - Cibubur,-6.309112,106.979063,Cibubur,2,54,89.7,0,Low,80.0
2024-03-30 22:30:00,2024-03-30,22:30,Jl. Ciledug - Tangerang,-6.212699,106.96315,Senayan,5,110,97.1,0,Low,80.0
2024-03-30 23:30:00,2024-03-30,23:30,Jl. Jend. Sudirman - Semanggi,-6.236244,106.858119,Slipi,3,68,95.9,0,Low,80.0
2024-03-31 00:00:00,2024-03-31,00:00,Jl. Trunojoyo - Kebayoran,-6.25295,106.985902,Menteng,3,68,96.0,0,Low,80.0
2024-03-31 00:30:00,2024-03-31,00:30,Jl. Raya Bogor - Cibubur,-6.309112,106.979063,Cibubur,2,47,95.1,0,Low,80.0
2024-03-31 11:00:00,2024-03-31,11:00,Jl. Bypass - Cibubur,-6.113984,106.955501,Mangga Dua,9,266,85.6,0,Low,53.4
2024-03-31 16:00:00,2024-03-31,16:00,Jl. Fatmawati - Cipete,-6.304548,106.787167,Pluit,9,261,86.6,0,Low,45.7
2024-03-31 20:00:00,2024-03-31,20:00,Jl. Thamrin - Monas,-6.307573,106.808325,Senayan,8,250,83.1,0,Low,46.5
2024-03-31 20:30:00,2024-03-31,20:30,Jl. Asia Afrika - Gelora Bung Karno,-6.247468,106.769042,Depok,4,130,81.3,0,Medium,56.2
2024-03-31 21:30:00,2024-03-31,21:30,Jl. Kramat Raya - Senen,-6.286055,106.77422,PIK,2,51,91.6,0,Low,80.0
